Workbook

Sheet Summary
A1: Emissions and energy
A2: Computed with formulas over the data sheets in this workbook.
A4: Sheet | B4: Data rows | C4: First year | D4: Last year | E4: Average, last year | F4: Minimum | G4: Maximum
A5: CO2_total_Mt | B5: =COUNTA(CO2_total_Mt!A4:A24) -> 21 | C5: =CO2_total_Mt!B3 -> 2000 | D5: =CO2_total_Mt!Y3 -> 2023 | E5: =IFERROR(AVERAGE(CO2_total_Mt!Y4:Y24),"") -> 38.875714 | F5: =IFERROR(MIN(CO2_total_Mt!B4:Y24),"") -> 1.24 | G5: =IFERROR(MAX(CO2_total_Mt!B4:Y24),"") -> 241.33
A6: CO2_per_capita | B6: =COUNTA(CO2_per_capita!A3:A23) -> 21 | C6: =CO2_per_capita!B2 -> 2000 | D6: =CO2_per_capita!Y2 -> 2023 | E6: =IFERROR(AVERAGE(CO2_per_capita!Y3:Y23),"") -> 1.4859524 | F6: =IFERROR(MIN(CO2_per_capita!B3:Y23),"") -> 0.239 | G6: =IFERROR(MAX(CO2_per_capita!B3:Y23),"") -> 10.785
A7: renewables_share | B7: =COUNTA(renewables_share!A3:A23) -> 21 | C7: =renewables_share!B2 -> 2000 | D7: =renewables_share!Y2 -> 2023 | E7: =IFERROR(AVERAGE(renewables_share!Y3:Y23),"") -> 0.56637143 | F7: =IFERROR(MIN(renewables_share!B3:Y23),"") -> 0.001 | G7: =IFERROR(MAX(renewables_share!B3:Y23),"") -> 1
A8: Electricity | B8: =COUNTA(Electricity!A3:A23) -> 21 | C8: =Electricity!B2 -> 2000 | D8: =Electricity!Y2 -> 2023 | E8: =IFERROR(AVERAGE(Electricity!Y3:Y23),"") -> 2947.1905 | F8: =IFERROR(MIN(Electricity!B3:Y23),"") -> 960 | G8: =IFERROR(MAX(Electricity!B3:Y23),"") -> 4639
A10: Blank cells are series with no data for the last year in every country.

Sheet CO2_total_Mt
A1: Carbon dioxide emissions from fuel combustion
A2: Millions of tons of CO2. Countries are identified by ISO 3166-1 alpha-3 code.
A3: ISO3 | B3: 2000 | C3: 2001 | D3: 2002 | E3: 2003 | F3: 2004 | G3: 2005 | H3: 2006 | I3: 2007 | J3: 2008 | K3: 2009 | L3: 2010 | M3: 2011 | N3: 2012 | O3: 2013 | P3: 2014 | Q3: 2015 | R3: 2016 | S3: 2017 | T3: 2018 | U3: 2019 | V3: 2020 | W3: 2021 | X3: 2022 | Y3: 2023
A4: ARG | B4: 84.72 | C4: 83.74 | D4: 74.94 | E4: 85.53 | F4: 85.41 | G4: 80.15 | H4: 83.6 | I4: 82.9 | J4: 83.04 | K4: 83.16 | L4: 89.48 | M4: 89.84 | N4: 89.72 | O4: 97.23 | P4: 102.16 | Q4: 101.25 | R4: 104.38 | S4: 106.1 | T4: 109.35 | U4: 101.19 | V4: 92.57 | W4: 108.66 | X4: 107.65 | Y4: 112.37
A5: BOL | B5: 4.57 | C5: 5.09 | D5: 5.22 | E5: 5.41 | F5: 5.92 | G5: 6.29 | H5: 6.56 | I5: 7.15 | J5: 7.3 | K5: 7.26 | L5: 7.62 | M5: 8.1 | N5: 8.17 | O5: 8.59 | P5: 9.23 | Q5: 8.97 | R5: 9.63 | S5: 9.59 | T5: 9.96 | U5: 10.36 | V5: 9.01 | W5: 11.02 | X5: 11.89 | Y5: 12.16
A6: BRA | B6: 185.04 | C6: 186.98 | D6: 193.53 | E6: 195.58 | F6: 198.27 | G6: 193.39 | H6: 198.41 | I6: 198.81 | J6: 206.84 | K6: 204.62 | L6: 195.99 | M6: 207.68 | N6: 222.62 | O6: 215.04 | P6: 219.86 | Q6: 208.78 | R6: 202.57 | S6: 202.68 | T6: 209.31 | U6: 215.65 | V6: 182.55 | W6: 231.14 | X6: 231.81 | Y6: 241.33
A7: CHL | B7: 19.3 | C7: 19.59 | D7: 20.43 | E7: 20.88 | F7: 22.64 | G7: 24.52 | H7: 26.09 | I7: 27.23 | J7: 28.2 | K7: 29.46 | L7: 30.4 | M7: 31.9 | N7: 32.68 | O7: 33.66 | P7: 33.96 | Q7: 34.63 | R7: 36.27 | S7: 36.57 | T7: 37.03 | U7: 37.04 | V7: 31.49 | W7: 37.61 | X7: 38.08 | Y7: 39.69
A8: COL | B8: 22.11 | C8: 22.73 | D8: 23.23 | E8: 25.59 | F8: 25.65 | G8: 26.08 | H8: 26.91 | I8: 27.73 | J8: 30.51 | K8: 29.57 | L8: 31.64 | M8: 33 | N8: 33.63 | O8: 33.65 | P8: 35.75 | Q8: 37.06 | R8: 38.01 | S8: 37.27 | T8: 37.96 | U8: 40.8 | V8: 35.5 | W8: 43.51 | X8: 43.98 | Y8: 46.69
A9: CRI | B9: 2.31 | C9: 2.32 | D9: 2.5 | E9: 2.68 | F9: 2.71 | G9: 2.8 | H9: 3.04 | I9: 3.17 | J9: 3.31 | K9: 3.28 | L9: 3.52 | M9: 3.6 | N9: 3.64 | O9: 3.71 | P9: 4.09 | Q9: 4.1 | R9: 4.24 | S9: 4.29 | T9: 4.55 | U9: 4.68 | V9: 4.05 | W9: 4.75 | X9: 5.28 | Y9: 5.4
A10: CUB | B10: 9.38 | C10: 9.56 | D10: 9.27 | E10: 9.72 | F10: 10.79 | G10: 10.08 | H10: 10.22 | I10: 9.95 | J10: 10.09 | K10: 10.11 | L10: 10.27 | M10: 10.29 | N10: 10.34 | O10: 10.12 | P10: 10.89 | Q10: 10.64 | R10: 11.1 | S10: 10.94 | T10: 11.16 | U10: 10.66 | V10: 9.36 | W10: 10.01 | X10: 9.93 | Y10: 10.57
A11: DOM | B11: 5.24 | C11: 5.43 | D11: 5.85 | E11: 6.42 | F11: 6.71 | G11: 6.77 | H11: 7.47 | I11: 7.63 | J11: 8.84 | K11: 8.64 | L11: 8.85 | M11: 9.76 | N11: 10.19 | O11: 10.93 | P11: 11.91 | Q11: 12.07 | R11: 12.79 | S11: 13.85 | T11: 14.05 | U11: 14.66 | V11: 12.82 | W11: 14.93 | X11: 15.25 | Y11: 16.37
A12: ECU | B12: 5.32 | C12: 5.68 | D12: 5.65 | E12: 5.81 | F12: 6.19 | G12: 6.48 | H12: 6.96 | I12: 6.85 | J12: 6.87 | K12: 6.8 | L12: 7.38 | M12: 7.92 | N12: 8.36 | O12: 8.33 | P12: 8.63 | Q12: 8.83 | R12: 8.48 | S12: 9.18 | T12: 9.18 | U12: 9.36 | V12: 8.14 | W12: 8.93 | X12: 10.06 | Y12: 10.21
A13: GTM | B13: 3.49 | C13: 3.68 | D13: 3.63 | E13: 3.87 | F13: 4.03 | G13: 4.18 | H13: 4.49 | I13: 4.7 | J13: 5.05 | K13: 4.92 | L13: 5.29 | M13: 5.38 | N13: 5.61 | O13: 5.64 | P13: 5.97 | Q13: 6.29 | R13: 6.55 | S13: 6.59 | T13: 7.16 | U13: 7.4 | V13: 6.33 | W13: 7.8 | X13: 8.26 | Y13: 8.32
A14: HND | B14: 1.6 | C14: 1.68 | D14: 1.76 | E14: 1.81 | F14: 1.81 | G14: 2.06 | H14: 2.12 | I14: 2.21 | J14: 2.25 | K14: 2.27 | L14: 2.39 | M14: 2.33 | N14: 2.49 | O14: 2.68 | P14: 2.73 | Q14: 2.88 | R14: 2.89 | S14: 3.06 | T14: 3.12 | U14: 3.07 | V14: 2.63 | W14: 3.18 | X14: 3.34 | Y14: 3.68
... A24: VEN | B24: 52.74 | C24: 51.59 | D24: 48.45 | E24: 43.68 | F24: 50.68 | G24: 53.42 | H24: 55.63 | I24: 53.01 | J24: 52.32 | K24: 54.91 | L24: 56.49 | M24: 53.5 | N24: 57.81 | O24: 59 | P24: 59.38 | Q24: 52.77 | R24: 39.34 | S24: 36.14 | T24: 29.52 | U24: 19.57 | V24: 13.75 | W24: 16.54 | X24: 17.8 | Y24: 18.32

Sheet CO2_per_capita
A1: Tons of CO2 per inhabitant
A2: ISO3 | B2: 2000 | C2: 2001 | D2: 2002 | E2: 2003 | F2: 2004 | G2: 2005 | H2: 2006 | I2: 2007 | J2: 2008 | K2: 2009 | L2: 2010 | M2: 2011 | N2: 2012 | O2: 2013 | P2: 2014 | Q2: 2015 | R2: 2016 | S2: 2017 | T2: 2018 | U2: 2019 | V2: 2020 | W2: 2021 | X2: 2022 | Y2: 2023
A3: ARG | B3: 2.29 | C3: 2.241 | D3: 1.987 | E3: 2.246 | F3: 2.222 | G3: 2.067 | H3: 2.137 | I3: 2.1 | J3: 2.086 | K3: 2.072 | L3: 2.211 | M3: 2.202 | N3: 2.182 | O3: 2.347 | P3: 2.447 | Q3: 2.408 | R3: 2.465 | S3: 2.488 | T3: 2.547 | U3: 2.342 | V3: 2.129 | W3: 2.483 | X3: 2.446 | Y3: 2.538
A4: BOL | B4: 0.544 | C4: 0.597 | D4: 0.603 | E4: 0.616 | F4: 0.664 | G4: 0.697 | H4: 0.716 | I4: 0.77 | J4: 0.776 | K4: 0.762 | L4: 0.79 | M4: 0.829 | N4: 0.826 | O4: 0.858 | P4: 0.911 | Q4: 0.876 | R4: 0.93 | S4: 0.916 | T4: 0.943 | U4: 0.97 | V4: 0.836 | W4: 1.012 | X4: 1.082 | Y4: 1.097
A5: BRA | B5: 1.057 | C5: 1.059 | D5: 1.087 | E5: 1.089 | F5: 1.095 | G5: 1.059 | H5: 1.078 | I5: 1.072 | J5: 1.107 | K5: 1.086 | L5: 1.033 | M5: 1.087 | N5: 1.157 | O5: 1.11 | P5: 1.127 | Q5: 1.063 | R5: 1.025 | S5: 1.019 | T5: 1.046 | U5: 1.072 | V5: 0.902 | W5: 1.136 | X5: 1.133 | Y5: 1.173
A6: CHL | B6: 1.253 | C6: 1.26 | D6: 1.303 | E6: 1.32 | F6: 1.418 | G6: 1.523 | H6: 1.607 | I6: 1.663 | J6: 1.708 | K6: 1.77 | L6: 1.813 | M6: 1.888 | N6: 1.92 | O6: 1.963 | P6: 1.967 | Q6: 1.992 | R6: 2.072 | S6: 2.075 | T6: 2.088 | U6: 2.076 | V6: 1.754 | W6: 2.083 | X6: 2.096 | Y6: 2.173
A7: COL | B7: 0.556 | C7: 0.565 | D7: 0.571 | E7: 0.622 | F7: 0.617 | G7: 0.621 | H7: 0.634 | I7: 0.647 | J7: 0.705 | K7: 0.676 | L7: 0.717 | M7: 0.741 | N7: 0.748 | O7: 0.742 | P7: 0.782 | Q7: 0.804 | R7: 0.818 | S7: 0.795 | T7: 0.804 | U7: 0.858 | V7: 0.741 | W7: 0.901 | X7: 0.905 | Y7: 0.954
A8: CRI | B8: 0.592 | C8: 0.587 | D8: 0.627 | E8: 0.664 | F8: 0.664 | G8: 0.679 | H8: 0.729 | I8: 0.751 | J8: 0.777 | K8: 0.762 | L8: 0.809 | M8: 0.82 | N8: 0.823 | O8: 0.831 | P8: 0.908 | Q8: 0.902 | R8: 0.925 | S8: 0.928 | T8: 0.975 | U8: 0.997 | V8: 0.855 | W8: 0.997 | X8: 1.099 | Y8: 1.117
A9: CUB | B9: 0.845 | C9: 0.861 | D9: 0.833 | E9: 0.873 | F9: 0.969 | G9: 0.904 | H9: 0.915 | I9: 0.89 | J9: 0.903 | K9: 0.904 | L9: 0.917 | M9: 0.918 | N9: 0.922 | O9: 0.901 | P9: 0.969 | Q9: 0.946 | R9: 0.986 | S9: 0.972 | T9: 0.99 | U9: 0.945 | V9: 0.83 | W9: 0.887 | X9: 0.88 | Y9: 0.935
A10: DOM | B10: 0.609 | C10: 0.623 | D10: 0.664 | E10: 0.721 | F10: 0.744 | G10: 0.742 | H10: 0.81 | I10: 0.819 | J10: 0.938 | K10: 0.907 | L10: 0.92 | M10: 1.004 | N10: 1.038 | O10: 1.103 | P10: 1.191 | Q10: 1.197 | R10: 1.257 | S10: 1.349 | T10: 1.357 | U10: 1.404 | V10: 1.218 | W10: 1.408 | X10: 1.428 | Y10: 1.521
A11: ECU | B11: 0.422 | C11: 0.445 | D11: 0.436 | E11: 0.443 | F11: 0.466 | G11: 0.482 | H11: 0.511 | I11: 0.496 | J11: 0.492 | K11: 0.482 | L11: 0.517 | M11: 0.549 | N11: 0.573 | O11: 0.564 | P11: 0.579 | Q11: 0.586 | R11: 0.557 | S11: 0.597 | T11: 0.592 | U11: 0.598 | V11: 0.515 | W11: 0.561 | X11: 0.626 | Y11: 0.63
A12: GTM | B12: 0.301 | C12: 0.311 | D12: 0.302 | E12: 0.316 | F12: 0.322 | G12: 0.329 | H12: 0.347 | I12: 0.358 | J12: 0.378 | K12: 0.362 | L12: 0.383 | M12: 0.384 | N12: 0.394 | O12: 0.39 | P12: 0.407 | Q12: 0.423 | R12: 0.434 | S12: 0.431 | T12: 0.463 | U12: 0.472 | V12: 0.399 | W12: 0.486 | X12: 0.508 | Y12: 0.506
A13: HND | B13: 0.242 | C13: 0.249 | D13: 0.257 | E13: 0.259 | F13: 0.255 | G13: 0.285 | H13: 0.288 | I13: 0.295 | J13: 0.295 | K13: 0.294 | L13: 0.305 | M13: 0.292 | N13: 0.307 | O13: 0.326 | P13: 0.327 | Q13: 0.341 | R13: 0.337 | S13: 0.352 | T13: 0.354 | U13: 0.345 | V13: 0.291 | W13: 0.348 | X13: 0.361 | Y13: 0.393
... A23: VEN | B23: 2.153 | C23: 2.087 | D23: 1.944 | E23: 1.737 | F23: 1.999 | G23: 2.09 | H23: 2.159 | I23: 2.041 | J23: 1.999 | K23: 2.083 | L23: 2.127 | M23: 2 | N23: 2.146 | O23: 2.175 | P23: 2.174 | Q23: 1.92 | R23: 1.422 | S23: 1.298 | T23: 1.054 | U23: 0.695 | V23: 0.485 | W23: 0.58 | X23: 0.621 | Y23: 0.636

Sheet renewables_share
A1: Renewable sources as a proportion of gross electricity generation (0 to 1)
A2: ISO3 | B2: 2000 | C2: 2001 | D2: 2002 | E2: 2003 | F2: 2004 | G2: 2005 | H2: 2006 | I2: 2007 | J2: 2008 | K2: 2009 | L2: 2010 | M2: 2011 | N2: 2012 | O2: 2013 | P2: 2014 | Q2: 2015 | R2: 2016 | S2: 2017 | T2: 2018 | U2: 2019 | V2: 2020 | W2: 2021 | X2: 2022 | Y2: 2023
A3: ARG | B3: 0.3192 | C3: 0.3268 | D3: 0.341 | E3: 0.3308 | F3: 0.3329 | G3: 0.3275 | H3: 0.3363 | I3: 0.3358 | J3: 0.3582 | K3: 0.3561 | L3: 0.3417 | M3: 0.3679 | N3: 0.3629 | O3: 0.3804 | P3: 0.3678 | Q3: 0.3663 | R3: 0.3906 | S3: 0.3916 | T3: 0.3856 | U3: 0.3914 | V3: 0.3973 | W3: 0.3992 | X3: 0.3914 | Y3: 0.4043
A4: BOL | B4: 0.4183 | C4: 0.4256 | D4: 0.422 | E4: 0.413 | F4: 0.42 | G4: 0.4238 | H4: 0.4145 | I4: 0.4203 | J4: 0.4035 | K4: 0.3856 | L4: 0.3946 | M4: 0.3914 | N4: 0.3896 | O4: 0.3835 | P4: 0.379 | Q4: 0.375 | R4: 0.3702 | S4: 0.3593 | T4: 0.3667 | U4: 0.36 | V4: 0.3618 | W4: 0.3581 | X4: 0.3459 | Y4: 0.363
A5: BRA | B5: 0.8182 | C5: 0.826 | D5: 0.8299 | E5: 0.8246 | F5: 0.8264 | G5: 0.8256 | H5: 0.8268 | I5: 0.8222 | J5: 0.8324 | K5: 0.8431 | L5: 0.8368 | M5: 0.8448 | N5: 0.8516 | O5: 0.8402 | P5: 0.8595 | Q5: 0.8557 | R5: 0.8484 | S5: 0.8554 | T5: 0.8605 | U5: 0.8604 | V5: 0.8603 | W5: 0.8803 | X5: 0.8561 | Y5: 0.8638
A6: CHL | B6: 0.4602 | C6: 0.4405 | D6: 0.4476 | E6: 0.4458 | F6: 0.453 | G6: 0.4554 | H6: 0.4631 | I6: 0.4735 | J6: 0.4455 | K6: 0.4365 | L6: 0.4353 | M6: 0.4502 | N6: 0.4283 | O6: 0.4376 | P6: 0.4776 | Q6: 0.4779 | R6: 0.4982 | S6: 0.5407 | T6: 0.5338 | U6: 0.5785 | V6: 0.6004 | W6: 0.6195 | X6: 0.645 | Y6: 0.6571
A7: COL | B7: 0.7408 | C7: 0.7566 | D7: 0.7205 | E7: 0.7383 | F7: 0.7398 | G7: 0.7327 | H7: 0.7316 | I7: 0.7303 | J7: 0.7373 | K7: 0.7226 | L7: 0.7303 | M7: 0.7193 | N7: 0.7155 | O7: 0.7224 | P7: 0.7185 | Q7: 0.7184 | R7: 0.7036 | S7: 0.7191 | T7: 0.72 | U7: 0.7043 | V7: 0.7079 | W7: 0.7287 | X7: 0.7146 | Y7: 0.7124
A8: CRI | B8: 0.9175 | C8: 0.9296 | D8: 0.9187 | E8: 0.9181 | F8: 0.9319 | G8: 0.9257 | H8: 0.9267 | I8: 0.9488 | J8: 0.9374 | K8: 0.9399 | L8: 0.9314 | M8: 0.9501 | N8: 0.9432 | O8: 0.9466 | P8: 0.9646 | Q8: 0.9548 | R8: 0.9614 | S8: 0.98 | T8: 0.964 | U8: 0.9673 | V8: 0.969 | W8: 0.976 | X8: 0.965 | Y8: 0.9676
A9: CUB | B9: 0.044 | C9: 0.0393 | D9: 0.0458 | E9: 0.0537 | F9: 0.0459 | G9: 0.0578 | H9: 0.0547 | I9: 0.0579 | J9: 0.0757 | K9: 0.0555 | L9: 0.0858 | M9: 0.0775 | N9: 0.0861 | O9: 0.0758 | P9: 0.085 | Q9: 0.0871 | R9: 0.0789 | S9: 0.1009 | T9: 0.108 | U9: 0.0983 | V9: 0.1153 | W9: 0.1126 | X9: 0.107 | Y9: 0.1086
A10: DOM | B10: 0.1194 | C10: 0.1388 | D10: 0.135 | E10: 0.1426 | F10: 0.1498 | G10: 0.1502 | H10: 0.1506 | I10: 0.1461 | J10: 0.1625 | K10: 0.1631 | L10: 0.1782 | M10: 0.1775 | N10: 0.181 | O10: 0.2022 | P10: 0.193 | Q10: 0.2041 | R10: 0.2142 | S10: 0.2149 | T10: 0.217 | U10: 0.2303 | V10: 0.228 | W10: 0.2274 | X10: 0.2361 | Y10: 0.2428
A11: ECU | B11: 0.6875 | C11: 0.6843 | D11: 0.6944 | E11: 0.6887 | F11: 0.6977 | G11: 0.6877 | H11: 0.695 | I11: 0.7027 | J11: 0.7233 | K11: 0.7068 | L11: 0.7281 | M11: 0.744 | N11: 0.7466 | O11: 0.7355 | P11: 0.7552 | Q11: 0.7424 | R11: 0.7527 | S11: 0.7645 | T11: 0.7562 | U11: 0.7608 | V11: 0.7719 | W11: 0.7746 | X11: 0.7723 | Y11: 0.7989
A12: GTM | B12: 0.4885 | C12: 0.4867 | D12: 0.4849 | E12: 0.5043 | F12: 0.5097 | G12: 0.5044 | H12: 0.5175 | I12: 0.5252 | J12: 0.5393 | K12: 0.5365 | L12: 0.5517 | M12: 0.5458 | N12: 0.5619 | O12: 0.5609 | P12: 0.5779 | Q12: 0.5865 | R12: 0.5916 | S12: 0.6058 | T12: 0.6078 | U12: 0.6079 | V12: 0.6171 | W12: 0.6168 | X12: 0.6201 | Y12: 0.6337
A13: HND | B13: 0.4376 | C13: 0.4528 | D13: 0.453 | E13: 0.4603 | F13: 0.4606 | G13: 0.4751 | H13: 0.4734 | I13: 0.4789 | J13: 0.4999 | K13: 0.5007 | L13: 0.5189 | M13: 0.5246 | N13: 0.5276 | O13: 0.5282 | P13: 0.5564 | Q13: 0.5561 | R13: 0.5537 | S13: 0.5726 | T13: 0.5785 | U13: 0.587 | V13: 0.5917 | W13: 0.5973 | X13: 0.611 | Y13: 0.6109
... A23: VEN | B23: 0.693 | C23: 0.6915 | D23: 0.683 | E23: 0.694 | F23: 0.6919 | G23: 0.6718 | H23: 0.6654 | I23: 0.655 | J23: 0.6513 | K23: 0.6457 | L23: 0.6412 | M23: 0.6315 | N23: 0.6288 | O23: 0.6069 | P23: 0.5981 | Q23: 0.5886 | R23: 0.5936 | S23: 0.5702 | T23: 0.5853 | U23: 0.5766 | V23: 0.573 | W23: 0.5545 | X23: 0.5493 | Y23: 0.5431

Sheet Electricity
A1: Electricity consumption, kWh per inhabitant
A2: ISO3 | B2: 2000 | C2: 2001 | D2: 2002 | E2: 2003 | F2: 2004 | G2: 2005 | H2: 2006 | I2: 2007 | J2: 2008 | K2: 2009 | L2: 2010 | M2: 2011 | N2: 2012 | O2: 2013 | P2: 2014 | Q2: 2015 | R2: 2016 | S2: 2017 | T2: 2018 | U2: 2019 | V2: 2020 | W2: 2021 | X2: 2022 | Y2: 2023
A3: ARG | B3: 3521 | C3: 3393 | D3: 3096 | E3: 3280 | F3: 3388 | G3: 3356 | H3: 3464 | I3: 3388 | J3: 3485 | K3: 3366 | L3: 3636 | M3: 3547 | N3: 3702 | O3: 3706 | P3: 3732 | Q3: 3973 | R3: 4045 | S3: 4034 | T3: 4135 | U3: 3933 | V3: 3855 | W3: 4101 | X3: 4445 | Y3: 4233
A4: BOL | B4: 998 | C4: 1021 | D4: 1067 | E4: 1068 | F4: 1072 | G4: 1183 | H4: 1198 | I4: 1255 | J4: 1203 | K4: 1241 | L4: 1286 | M4: 1271 | N4: 1382 | O4: 1428 | P4: 1489 | Q4: 1485 | R4: 1485 | S4: 1561 | T4: 1594 | U4: 1524 | V4: 1511 | W4: 1673 | X4: 1754 | Y4: 1772
A5: BRA | B5: 2160 | C5: 2182 | D5: 2342 | E5: 2166 | F5: 2278 | G5: 2246 | H5: 2328 | I5: 2356 | J5: 2416 | K5: 2393 | L5: 2369 | M5: 2413 | N5: 2475 | O5: 2485 | P5: 2426 | Q5: 2485 | R5: 2403 | S5: 2379 | T5: 2474 | U5: 2556 | V5: 2463 | W5: 2550 | X5: 2761 | Y5: 2697
A6: CHL | B6: 2652 | C6: 2633 | D6: 2669 | E6: 2830 | F6: 2904 | G6: 3041 | H6: 3111 | I6: 3233 | J6: 3303 | K6: 3366 | L6: 3446 | M6: 3573 | N6: 3797 | O6: 3984 | P6: 3883 | Q6: 4004 | R6: 3936 | S6: 3891 | T6: 4111 | U6: 4076 | V6: 3980 | W6: 4230 | X6: 4223 | Y6: 4321
A7: COL | B7: 1632 | C7: 1762 | D7: 1746 | E7: 1830 | F7: 1912 | G7: 1989 | H7: 1920 | I7: 2012 | J7: 2024 | K7: 2065 | L7: 2112 | M7: 2214 | N7: 2247 | O7: 2237 | P7: 2392 | Q7: 2378 | R7: 2278 | S7: 2346 | T7: 2390 | U7: 2525 | V7: 2627 | W7: 2625 | X7: 2742 | Y7: 2907
A8: CRI | B8: 2296 | C8: 2414 | D8: 2475 | E8: 2454 | F8: 2596 | G8: 2607 | H8: 2784 | I8: 2901 | J8: 2841 | K8: 2870 | L8: 3154 | M8: .. | N8: 3188 | O8: 3174 | P8: 3414 | Q8: 3362 | R8: 3655 | S8: 3597 | T8: 3562 | U8: 3746 | V8: 3612 | W8: 3970 | X8: 4105 | Y8: 4128
A9: CUB | B9: 1873 | C9: 1850 | D9: 1875 | E9: 1850 | F9: 1903 | G9: 1898 | H9: 1995 | I9: 2021 | J9: 2031 | K9: 1944 | L9: 2089 | M9: 2109 | N9: 2088 | O9: 2143 | P9: 2164 | Q9: 2215 | R9: 2264 | S9: 2283 | T9: 2351 | U9: 2260 | V9: 2122 | W9: 2163 | X9: 2246 | Y9: 2293
A10: DOM | B10: 1870 | C10: 1931 | D10: 1955 | E10: 2096 | F10: 2124 | G10: 2256 | H10: 2369 | I10: 2434 | J10: 2490 | K10: 2573 | L10: 2646 | M10: 2806 | N10: 2867 | O10: 2913 | P10: 3135 | Q10: 3168 | R10: 3396 | S10: 3417 | T10: 3568 | U10: 3575 | V10: 3511 | W10: 3585 | X10: 3872 | Y10: 3918
A11: ECU | B11: 1171 | C11: 1264 | D11: 1272 | E11: 1301 | F11: 1359 | G11: 1317 | H11: 1417 | I11: 1404 | J11: 1448 | K11: 1442 | L11: 1491 | M11: 1550 | N11: 1626 | O11: 1588 | P11: 1608 | Q11: 1659 | R11: 1596 | S11: 1593 | T11: 1746 | U11: 1718 | V11: 1607 | W11: 1680 | X11: 1772 | Y11: 1837
A12: GTM | B12: 1354 | C12: 1400 | D12: 1407 | E12: 1396 | F12: 1508 | G12: 1527 | H12: 1563 | I12: 1680 | J12: 1678 | K12: 1570 | L12: 1602 | M12: 1744 | N12: 1811 | O12: 1803 | P12: 1825 | Q12: 1858 | R12: 1974 | S12: 1902 | T12: 1968 | U12: 2100 | V12: 1954 | W12: 2185 | X12: 2256 | Y12: 2297
A13: HND | B13: 1072 | C13: 1096 | D13: 1146 | E13: 1182 | F13: 1174 | G13: 1192 | H13: 1226 | I13: 1283 | J13: 1323 | K13: 1309 | L13: 1327 | M13: 1339 | N13: 1417 | O13: 1333 | P13: 1416 | Q13: 1512 | R13: 1473 | S13: 1576 | T13: 1516 | U13: 1591 | V13: 1453 | W13: 1515 | X13: 1671 | Y13: 1711
A14: JAM | B14: 2043 | C14: 2030 | D14: 2174 | E14: 2039 | F14: 2012 | G14: 2007 | H14: 2099 | I14: 2123 | J14: 2087 | K14: 2162 | L14: 2144 | M14: 2133 | N14: 2224 | O14: 2211 | P14: 2126 | Q14: 2241 | R14: 2248 | S14: 2370 | T14: 2393 | U14: 2362 | V14: 2160 | W14: 2297 | X14: 2297 | Y14: 2338
A15: MEX | B15: 3033 | C15: 3227 | D15: 3245 | E15: 3211 | F15: 3252 | G15: 3409 | H15: 3428 | I15: 3573 | J15: 3585 | K15: 3429 | L15: 3621 | M15: 3690 | N15: 3644 | O15: 3908 | P15: 3913 | Q15: 3890 | R15: 4014 | S15: 4120 | T15: 4027 | U15: 4118 | V15: 3973 | W15: 4231 | X15: 4307 | Y15: 4252
A16: NIC | B16: 985 | C16: 960 | D16: 960 | E16: 1054 | F16: 1033 | G16: 1076 | H16: 1140 | I16: 1130 | J16: 1151 | K16: 1140 | L16: 1222 | M16: 1226 | N16: 1242 | O16: 1296 | P16: 1371 | Q16: 1410 | R16: 1329 | S16: 1396 | T16: 1358 | U16: 1388 | V16: 1331 | W16: 1362 | X16: 1423 | Y16: 1421
A17: PAN | B17: 2361 | C17: 2477 | D17: 2532 | E17: 2708 | F17: 2663 | G17: 2782 | H17: 2813 | I17: 3042 | J17: 3128 | K17: 3135 | L17: 3147 | M17: 3085 | N17: 3289 | O17: 3523 | P17: 3534 | Q17: 3598 | R17: 3808 | S17: 3998 | T17: 3981 | U17: 4292 | V17: 3901 | W17: 4188 | X17: 4378 | Y17: 4639
A18: PER | B18: 1521 | C18: 1555 | D18: 1513 | E18: 1649 | F18: 1704 | G18: 1824 | H18: 1817 | I18: 1907 | J18: 2006 | K18: 2045 | L18: 2080 | M18: 2136 | N18: 2274 | O18: 2274 | P18: 2274 | Q18: 2375 | R18: 2412 | S18: 2626 | T18: 2598 | U18: 2851 | V18: 2657 | W18: 2723 | X18: 2883 | Y18: 2903
A19: PRY | B19: 1233 | C19: 1300 | D19: 1324 | E19: 1312 | F19: 1328 | G19: 1394 | H19: 1392 | I19: 1519 | J19: 1502 | K19: 1526 | L19: 1513 | M19: 1627 | N19: 1641 | O19: 1714 | P19: 1830 | Q19: 1814 | R19: 1797 | S19: 1839 | T19: 1980 | U19: 2042 | V19: 1937 | W19: 2128 | X19: 2231 | Y19: 2288
A20: SLV | B20: 1594 | C20: 1560 | D20: 1574 | E20: 1567 | F20: 1636 | G20: 1758 | H20: 1724 | I20: 1739 | J20: 1707 | K20: 1740 | L20: 1769 | M20: 1776 | N20: 1805 | O20: 1865 | P20: 1863 | Q20: 1906 | R20: 1895 | S20: 1892 | T20: 2040 | U20: 2058 | V20: 1908 | W20: 2042 | X20: 2143 | Y20: 2164
A21: TTO | B21: 3048 | C21: 3037 | D21: 3258 | E21: 3189 | F21: 3345 | G21: 3270 | H21: 3355 | I21: 3671 | J21: 3745 | K21: 3623 | L21: 3875 | M21: 3847 | N21: 3812 | O21: 3798 | P21: 3818 | Q21: 3795 | R21: 3819 | S21: 3774 | T21: 3846 | U21: 3729 | V21: 3498 | W21: 3649 | X21: 3892 | Y21: 3939
A22: URY | B22: 3330 | C22: 3157 | D22: 2917 | E22: 3062 | F22: 3189 | G22: 3230 | H22: 3382 | I22: 3363 | J22: 3569 | K22: 3420 | L22: 3653 | N22: 3803 | O22: 3738 | P22: 3994 | Q22: 3922 | R22: 3997 | S22: 3929 | T22: 4020 | U22: 4103 | V22: 3788 | W22: 4119 | X22: 4068 | Y22: 4398
A23: VEN | B23: 2485 | C23: 2580 | D23: 2464 | E23: 2305 | F23: 2539 | G23: 2543 | H23: 2613 | I23: 2552 | J23: 2698 | K23: 2562 | L23: 2782 | M23: 2669 | N23: 2762 | O23: 2773 | P23: 2766 | Q23: 2639 | R23: 2222 | S23: 2055 | T23: 1817 | U23: 1462 | V23: 1197 | W23: 1323 | X23: 1387 | Y23: 1435
