Workbook

Sheet Summary
A1: Labour market
A2: Computed with formulas over the data sheets in this workbook.
A4: Sheet | B4: Data rows | C4: First year | D4: Last year | E4: Average, last year | F4: Minimum | G4: Maximum
A5: unemployment | B5: =COUNTA(unemployment!A3:A23) -> 21 | C5: =unemployment!B2 -> 2000 | D5: =unemployment!AA2 -> 2025 | E5: =IFERROR(AVERAGE(unemployment!AA3:AA23),"") -> 8.2380952 | F5: =IFERROR(MIN(unemployment!B3:AA23),"") -> 3.2 | G5: =IFERROR(MAX(unemployment!B3:AA23),"") -> 41.2
A6: Participation | B6: =COUNTA(Participation!A3:A23) -> 21 | C6: =Participation!B2 -> 2000 | D6: =Participation!AA2 -> 2025 | E6: =IFERROR(AVERAGE(Participation!AA3:AA23),"") -> 64.666667 | F6: =IFERROR(MIN(Participation!B3:AA23),"") -> 56.2 | G6: =IFERROR(MAX(Participation!B3:AA23),"") -> 71.2
A7: Female_participation | B7: =COUNTA(Female_participation!A3:A23) -> 21 | C7: =Female_participation!B2 -> 2000 | D7: =Female_participation!AA2 -> 2025 | E7: =IFERROR(AVERAGE(Female_participation!AA3:AA23),"") -> 53.261905 | F7: =IFERROR(MIN(Female_participation!B3:AA23),"") -> 35.9 | G7: =IFERROR(MAX(Female_participation!B3:AA23),"") -> 66.3
A8: Informality | B8: =COUNTA(Informality!A3:A25) -> 23 | C8: =Informality!B2 -> 2000 | D8: =Informality!AA2 -> 2025 | E8: =IFERROR(AVERAGE(Informality!AA3:AA25),"") -> 52.069565 | F8: =IFERROR(MIN(Informality!B3:AA25),"") -> 24.6 | G8: =IFERROR(MAX(Informality!B3:AA25),"") -> 80.5
A9: Youth_unemployment | B9: =COUNTA(Youth_unemployment!A3:A23) -> 21 | C9: =Youth_unemployment!B2 -> 2000 | D9: =Youth_unemployment!AA2 -> 2025 | E9: =IFERROR(AVERAGE(Youth_unemployment!AA3:AA23),"") -> 16.92381 | F9: =IFERROR(MIN(Youth_unemployment!B3:AA23),"") -> 6.2 | G9: =IFERROR(MAX(Youth_unemployment!B3:AA23),"") -> 51.8
A11: Blank cells are series with no data for the last year in every country.

Sheet unemployment
A1: Open unemployment rate, percent of labor force
A2: Country | B2: 2000 | C2: 2001 | D2: 2002 | E2: 2003 | F2: 2004 | G2: 2005 | H2: 2006 | I2: 2007 | J2: 2008 | K2: 2009 | L2: 2010 | M2: 2011 | N2: 2012 | O2: 2013 | P2: 2014 | Q2: 2015 | R2: 2016 | S2: 2017 | T2: 2018 | U2: 2019 | V2: 2020 | W2: 2021 | X2: 2022 | Y2: 2023 | Z2: 2024 | AA2: 2025
A3: Argentina | B3: 14 | C3: 14.8 | D3: 17.7 | E3: 12.9 | F3: 13.2 | G3: 13.9 | H3: 13.5 | I3: 13.5 | J3: 13.5 | K3: 14.4 | L3: 10.9 | M3: 12.1 | N3: 11.7 | O3: 10.4 | P3: 10.6 | Q3: 10.7 | R3: 11.9 | S3: 12.1 | T3: 11.8 | U3: 15.3 | V3: 17.7 | W3: 13.2 | X3: 12.3 | Y3: 13.5 | Z3: 12 | AA3: 12.8
A4: Bolivia | B4: 7.2 | C4: 6.2 | D4: 6.4 | E4: 6.7 | F4: 4.8 | G4: 4.2 | H4: 4.1 | I4: 5.6 | J4: 5.6 | K4: 7.5 | L4: 6.7 | M4: 6.2 | N4: 6.3 | O4: 5.8 | P4: 6.9 | Q4: 7.9 | R4: 7.2 | S4: 6.8 | T4: 7.4 | U4: 7.4 | V4: 11.9 | W4: 6.6 | X4: 5.1 | Y4: 5.6 | Z4: 6.5 | AA4: 7
A5: Brazil | B5: 9.8 | C5: 9.3 | D5: 9.7 | E5: 10.1 | F5: 9.8 | G5: 10.2 | H5: 10 | I5: 9.9 | J5: 9.1 | K5: 10.7 | L5: 11.5 | M5: 9.5 | N5: 8.4 | O5: 9.8 | P5: 9.6 | Q5: 11.3 | R5: 12.8 | S5: 11 | T5: 10.3 | U5: 10 | V5: 15.3 | W5: 11.3 | X5: 9.7 | Y5: 8.7 | Z5: 8.4 | AA5: 8.1
A6: Chile | B6: 8.1 | C6: 9.1 | D6: 8.8 | E6: 8.1 | F6: 7.3 | G6: 7.2 | H6: 5.6 | I6: 6 | J6: 5.6 | K6: 6.2 | L6: 5.5 | M6: 6.6 | N6: 6.7 | O6: 6.3 | P6: 8 | Q6: 7.9 | R6: 8 | S6: 8.8 | T6: 7.8 | U6: 8.9 | V6: 14.8 | W6: 10 | X6: 10 | Y6: 9.3 | Z6: 8.3 | AA6: 8.3
A7: Colombia | B7: 13.2 | C7: 13.3 | D7: 13.4 | E7: 12.4 | F7: 11.5 | G7: 11.6 | H7: 11.8 | I7: 12.2 | J7: 12.6 | K7: 13.1 | L7: 11.8 | M7: 11.1 | N7: 11.6 | O7: 11.8 | P7: 12.2 | Q7: 12.1 | R7: 12.3 | S7: 12.1 | T7: 11.7 | U7: 11.2 | V7: 16.6 | W7: 13.2 | X7: 12.5 | Y7: 11.8 | Z7: 11.4 | AA7: 11.2
A8: Costa Rica | B8: 10.4 | C8: 9 | D8: 9.2 | E8: 8.5 | F8: 8.3 | G8: 7.8 | H8: 6.9 | I8: 7.8 | J8: 8.1 | K8: 9.6 | L8: 8.1 | M8: 8.3 | N8: 9.3 | O8: 8.5 | P8: 8.1 | Q8: 9.2 | R8: 9.4 | S8: 9 | T8: 8.8 | U8: 9.4 | V8: 15.4 | W8: 11.7 | X8: 9.3 | Y8: 8.7 | Z8: 9.1 | AA8: 7.8
A9: Cuba | B9: 7.4 | C9: 6.4 | D9: 6.2 | E9: 6 | F9: 5.9 | G9: 6.2 | H9: 6.7 | I9: 6.8 | J9: 6.8 | K9: 7.3 | L9: 5.7 | M9: 5.3 | N9: 5.3 | O9: 6 | P9: 5.6 | Q9: 5.9 | R9: 5.9 | S9: 6.2 | T9: 4.7 | U9: 6.5 | V9: 11.9 | W9: 9.5 | X9: 9.1 | Y9: 8 | Z9: 7.7 | AA9: 8.3
A10: Dominican Republic | B10: 10.7 | C10: 10.2 | D10: 9.5 | E10: 8.2 | F10: 7.3 | G10: 8.1 | H10: 8.3 | I10: 8.1 | J10: 7.9 | K10: 8.8 | L10: 7.8 | M10: 8.6 | N10: 8.7 | O10: 8 | P10: 8 | Q10: 8.5 | R10: 8.5 | S10: 8.1 | T10: 8.9 | U10: 8.3 | V10: 15.2 | W10: 13.2 | X10: 11.2 | Y10: 10 | Z10: 9.4 | AA10: 10.6
A11: Ecuador | B11: 6.9 | C11: 6.3 | D11: 5.9 | E11: 5.7 | F11: 4.4 | G11: 4.3 | H11: 4.1 | I11: 5.7 | J11: 5.5 | K11: 7.3 | L11: 5.4 | M11: 4.9 | N11: 4.9 | O11: 5.6 | P11: 6.3 | Q11: 6 | R11: 9.3 | S11: 9.9 | T11: 8.2 | U11: 8.1 | V11: 13.5 | W11: 11.8 | X11: 7.4 | Y11: 7.3 | Z11: 7.4 | AA11: 7.8
A12: El Salvador | B12: 8.2 | C12: 7.3 | D12: 7.3 | E12: 7.1 | F12: 6.5 | G12: 6.2 | H12: 5.6 | I12: 5.7 | J12: 5.4 | K12: 6.6 | L12: 6.1 | M12: 6.4 | N12: 7.4 | O12: 7.5 | P12: 6.6 | Q12: 6.2 | R12: 6.2 | S12: 6.5 | T12: 5.8 | U12: 5.8 | V12: 11.5 | W12: 7.9 | X12: 5.5 | Y12: 5.9 | Z12: 5.9 | AA12: 4.7
A13: Guatemala | B13: 7.1 | C13: 6.2 | D13: 6.1 | E13: 6.5 | F13: 6 | G13: 5.9 | H13: 5.8 | I13: 6.1 | J13: 5.9 | K13: 7.3 | L13: 6.2 | M13: 5.8 | N13: 6.4 | O13: 5.7 | P13: 5.9 | Q13: 6.2 | R13: 6.9 | S13: 6.6 | T13: 5.6 | U13: 6.2 | V13: 11.7 | W13: 8.1 | X13: 6.9 | Y13: 5.8 | Z13: 6.3 | AA13: 5.7
... A23: Venezuela | B23: 12.1 | C23: 11.7 | D23: 14.2 | E23: 15.9 | F23: 7.6 | G23: 8.2 | H23: 7.2 | I23: 9.9 | J23: 10.6 | K23: 11.5 | L23: 8.7 | M23: 10.3 | N23: 8.6 | O23: 9.4 | P23: 9.2 | Q23: 12.4 | R23: 19.7 | S23: 20.2 | T23: 22.6 | U23: 26 | V23: 26 | W23: 18.3 | X23: 12.2 | Y23: 10.3 | Z23: 8.9 | AA23: 8.9

Sheet Participation
A1: Labor force participation rate, total, percent
A2: Country | B2: 2000 | C2: 2001 | D2: 2002 | E2: 2003 | F2: 2004 | G2: 2005 | H2: 2006 | I2: 2007 | J2: 2008 | K2: 2009 | L2: 2010 | M2: 2011 | N2: 2012 | O2: 2013 | P2: 2014 | Q2: 2015 | R2: 2016 | S2: 2017 | T2: 2018 | U2: 2019 | V2: 2020 | W2: 2021 | X2: 2022 | Y2: 2023 | Z2: 2024 | AA2: 2025
A3: Argentina | B3: 62.8 | C3: 63.5 | D3: 63 | E3: 62.9 | F3: 62.9 | G3: 63.1 | H3: 63.6 | I3: 63.1 | J3: 63.7 | K3: 62.9 | L3: 63 | M3: 63.6 | N3: 63.5 | O3: 63.7 | P3: 64.4 | Q3: 64 | R3: 64 | S3: 63.9 | T3: 63.9 | U3: 64.6 | V3: 61.8 | W3: 64.6 | X3: 64 | Y3: 64.4 | Z3: 64.5 | AA3: 64.8
A4: Bolivia | B4: 69.7 | C4: 69.6 | D4: 70.1 | E4: 70.2 | F4: 69.4 | G4: 69.7 | H4: 70 | I4: 70.5 | J4: 70.2 | K4: 70.5 | L4: 70.5 | M4: 70.3 | N4: 70.6 | O4: 69.7 | P4: 70.7 | Q4: 71 | R4: 70.6 | S4: 70.9 | T4: 71.1 | U4: 71.2 | V4: 68.2 | W4: 71 | X4: 70.9 | Y4: 71.2 | Z4: 70.8 | AA4: 71
A5: Brazil | B5: 66 | C5: 65.6 | D5: 66 | E5: 66.3 | F5: 65.4 | G5: 65.6 | H5: 65.6 | I5: 65.8 | J5: 66 | K5: 65.3 | L5: 65.4 | M5: 66 | N5: 65.6 | O5: 65.9 | P5: 66.4 | Q5: 65.6 | R5: 65.4 | S5: 65.5 | T5: 65.7 | U5: 66.1 | V5: 62.9 | W5: 66 | X5: 65.4 | Y5: 65.7 | Z5: 65.4 | AA5: 65.4
A6: Chile | B6: 58.9 | C6: 58.2 | D6: 58.8 | E6: 59.1 | F6: 59.2 | G6: 59.3 | H6: 59.7 | I6: 59.5 | J6: 60.5 | K6: 60.1 | L6: 60.5 | M6: 61.6 | N6: 61.1 | O6: 61.7 | P6: 62.2 | Q6: 62 | R6: 62.7 | S6: 63.1 | T6: 63.2 | U6: 62.3 | V6: 60.9 | W6: 63 | X6: 63.7 | Y6: 63.6 | Z6: 64.2 | AA6: 63.7
A7: Colombia | B7: 62.9 | C7: 63.2 | D7: 63.2 | E7: 62.9 | F7: 63.1 | G7: 62.4 | H7: 63.2 | I7: 63.2 | J7: 63.9 | K7: 63.1 | L7: 63.9 | M7: 64.1 | N7: 64.1 | O7: 64.1 | P7: 64.4 | Q7: 64.1 | R7: 64.4 | S7: 64.8 | T7: 64.7 | U7: 65.3 | V7: 62.3 | W7: 64.8 | X7: 64.9 | Y7: 64.8 | Z7: 64.6 | AA7: 65.2
A8: Costa Rica | B8: 59.4 | C8: 58.8 | D8: 59.2 | E8: 59.2 | F8: 59.7 | G8: 60 | H8: 59.8 | I8: 60.3 | J8: 60.4 | K8: 60.6 | L8: 61 | M8: 60.7 | N8: 61.2 | O8: 61.5 | P8: 61.6 | Q8: 61.4 | R8: 62.4 | S8: 62.2 | T8: 62.3 | U8: 62.2 | V8: 59.9 | W8: 63.2 | X8: 62.7 | Y8: 62.6 | Z8: 63.3 | AA8: 62.8
A9: Cuba | B9: 62.5 | C9: 62.6 | D9: 62.3 | E9: 62.5 | F9: 62.6 | G9: 62.2 | H9: 62.4 | I9: 62.2 | J9: 61.8 | K9: 62.4 | L9: 62.1 | M9: 62 | N9: 62.1 | O9: 61.7 | P9: 62.5 | Q9: 62.3 | R9: 62.1 | S9: 62.5 | T9: 62 | U9: 62.2 | V9: 58.9 | W9: 61.8 | X9: 62.5 | Y9: 62.1 | Z9: 61.8 | AA9: 62
A10: Dominican Republic | B10: 60.9 | C10: 61.2 | D10: 60.6 | E10: 62 | F10: 61.9 | G10: 61.7 | H10: 61.9 | I10: 61.9 | J10: 62 | K10: 62.7 | L10: 62.8 | M10: 63.2 | N10: 63.1 | O10: 63.7 | P10: 63.5 | Q10: 63.3 | R10: 64.1 | S10: 64.6 | T10: 64.2 | U10: 64.4 | V10: 62 | W10: 64.9 | X10: 64.5 | Y10: 64.8 | Z10: 65.2 | AA10: 65.1
A11: Ecuador | B11: 63.3 | C11: 62.8 | D11: 64 | E11: 63.4 | F11: 63.3 | G11: 63.9 | H11: 64.1 | I11: 64.2 | J11: 64.4 | K11: 64.4 | L11: 64.4 | M11: 64.4 | N11: 64.3 | O11: 64.8 | P11: 64.9 | Q11: 65.5 | R11: 65.7 | S11: 65.8 | T11: 65.4 | U11: 65.6 | V11: 63 | W11: 65.2 | X11: 65.5 | Y11: 66.1 | Z11: 65.9 | AA11: 65.9
A12: El Salvador | B12: 63 | C12: 62.7 | D12: 63.2 | E12: 63.3 | F12: 62.7 | G12: 62.8 | H12: 63.4 | I12: 62.9 | J12: 63.2 | K12: 62.9 | L12: 63 | M12: 63 | N12: 63.4 | O12: 63.2 | P12: 63.9 | Q12: 63.5 | R12: 63.5 | S12: 63.6 | T12: 63.3 | U12: 63.7 | V12: 61 | W12: 63.7 | X12: 63.6 | Y12: 63.4 | Z12: 63.9 | AA12: 63.5
A13: Guatemala | B13: 59.4 | C13: 59.1 | D13: 59 | E13: 59 | F13: 58.6 | G13: 59 | H13: 59.6 | I13: 58.9 | J13: 58.9 | K13: 59 | L13: 58.2 | M13: 58.3 | N13: 58.6 | O13: 58.1 | P13: 59.2 | Q13: 58.7 | R13: 59.2 | S13: 58.8 | T13: 59.1 | U13: 59 | V13: 56.2 | W13: 58.7 | X13: 59.5 | Y13: 58 | Z13: 58.6 | AA13: 59.3
... A23: Venezuela | B23: 64.3 | C23: 64.5 | D23: 64.6 | E23: 64.1 | F23: 64.2 | G23: 63.5 | H23: 64.1 | I23: 63.7 | J23: 63.4 | K23: 63.7 | L23: 63.2 | M23: 63 | N23: 62.8 | O23: 62.7 | P23: 62.3 | Q23: 62.6 | R23: 62.9 | S23: 62.7 | T23: 62 | U23: 62.3 | V23: 59.9 | W23: 62.4 | X23: 61.9 | Y23: 61.6 | Z23: 62.1 | AA23: 62.1

Sheet Female_participation
A1: Female labor force participation rate, percent of women aged 15 and over
A2: Country | B2: 2000 | C2: 2001 | D2: 2002 | E2: 2003 | F2: 2004 | G2: 2005 | H2: 2006 | I2: 2007 | J2: 2008 | K2: 2009 | L2: 2010 | M2: 2011 | N2: 2012 | O2: 2013 | P2: 2014 | Q2: 2015 | R2: 2016 | S2: 2017 | T2: 2018 | U2: 2019 | V2: 2020 | W2: 2021 | X2: 2022 | Y2: 2023 | Z2: 2024 | AA2: 2025
A3: Argentina | B3: 45 | C3: 45.3 | D3: 45.1 | E3: 46 | F3: 46.1 | G3: 46.5 | H3: 47.1 | I3: 46.7 | J3: 47.5 | K3: 47.1 | L3: 48 | M3: 48.4 | N3: 48 | O3: 49.2 | P3: 50.3 | Q3: 50 | R3: 50.4 | S3: 50.4 | T3: 51.1 | U3: 51.8 | V3: 48.3 | W3: 50.9 | X3: 51.7 | Y3: 52.4 | Z3: 52.9 | AA3: 53.7
A4: Bolivia | B4: 58.9 | C4: 58.8 | D4: 59.2 | E4: 60.3 | F4: 59.2 | G4: 60.1 | H4: 60.2 | I4: 60.9 | J4: 61.3 | K4: 61.2 | L4: 62.3 | M4: 61.5 | N4: 62.4 | O4: 61.6 | P4: 63.7 | Q4: 63.7 | R4: 63.8 | S4: 64.9 | T4: 64.9 | U4: 64.8 | V4: 61.4 | W4: 63.3 | X4: 65.7 | Y4: 66.3 | Z4: 66 | AA4: 65.5
A5: Brazil | B5: 50.9 | C5: 50.5 | D5: 51.2 | E5: 51.6 | F5: 51.4 | G5: 51.4 | H5: 52 | I5: 51.9 | J5: 52.6 | K5: 52.5 | L5: 52.7 | M5: 53.2 | N5: 52.4 | O5: 53.4 | P5: 54.4 | Q5: 53.3 | R5: 53.2 | S5: 53.7 | T5: 54 | U5: 54.3 | V5: 51.1 | W5: 53.6 | X5: 53.9 | Y5: 55.3 | Z5: 54.7 | AA5: 55
A6: Chile | B6: 36.1 | C6: 35.9 | D6: 36.7 | E6: 37.7 | F6: 37.9 | G6: 38.8 | H6: 40.2 | I6: 39.6 | J6: 41.3 | K6: 41.5 | L6: 42 | M6: 43.7 | N6: 43.8 | O6: 45 | P6: 46.2 | Q6: 46 | R6: 47.4 | S6: 48.2 | T6: 48.6 | U6: 48.1 | V6: 46.9 | W6: 48.1 | X6: 50.3 | Y6: 50.6 | Z6: 51.8 | AA6: 51.6
A7: Colombia | B7: 45.2 | C7: 45 | D7: 45.7 | E7: 45.6 | F7: 46.8 | G7: 45.6 | H7: 46.9 | I7: 47.1 | J7: 48.2 | K7: 46.9 | L7: 49.3 | M7: 49.3 | N7: 49.5 | O7: 50 | P7: 50.4 | Q7: 50.1 | R7: 50.8 | S7: 51.8 | T7: 52.3 | U7: 52.9 | V7: 48.8 | W7: 51.5 | X7: 52.6 | Y7: 53.2 | Z7: 53.4 | AA7: 54.1
A8: Costa Rica | B8: 37.5 | C8: 36.8 | D8: 37.9 | E8: 38.4 | F8: 38.8 | G8: 39.3 | H8: 39.6 | I8: 41.3 | J8: 41.2 | K8: 41.6 | L8: 42.6 | M8: 42.2 | N8: 43.2 | O8: 44.7 | P8: 44.9 | Q8: 44.8 | R8: 46.6 | S8: 47 | T8: 47 | U8: 47.5 | V8: 44.3 | W8: 47.7 | X8: 48.8 | Y8: 49.2 | Z8: 49.6 | AA8: 49.6
A9: Cuba | B9: 44.5 | C9: 44.9 | D9: 44.2 | E9: 44.6 | F9: 45.1 | G9: 44.8 | H9: 44.7 | I9: 44.8 | J9: 44.7 | K9: 45.5 | L9: 45.4 | M9: 45.5 | N9: 45.4 | O9: 45.6 | P9: 46.8 | Q9: 46.3 | R9: 46.4 | S9: 47.2 | T9: 47 | U9: 46.7 | V9: 43.2 | W9: 45.8 | X9: 47.8 | Y9: 47.7 | Z9: 47.3 | AA9: 47.9
A10: Dominican Republic | B10: 40.5 | C10: 42 | D10: 41.9 | E10: 42.4 | F10: 43 | G10: 43.4 | H10: 43.8 | I10: 44.4 | J10: 45.1 | K10: 45.8 | L10: 46.4 | M10: 47 | N10: 47.6 | O10: 48.4 | P10: 48.5 | Q10: 49.1 | R10: 50.1 | S10: 51.3 | T10: 51.3 | U10: 51.6 | V10: 48.4 | W10: 50.7 | X10: 52.6 | Y10: 53.4 | Z10: 53.6 | AA10: 54.4
A11: Ecuador | B11: 45.4 | C11: 45.8 | D11: 47.3 | E11: 46.3 | F11: 46.8 | G11: 47.8 | H11: 48.3 | I11: 48.1 | J11: 49.1 | K11: 49.6 | L11: 49.9 | M11: 50.4 | N11: 49.9 | O11: 51.6 | P11: 51.1 | Q11: 52.6 | R11: 53.7 | S11: 53.6 | T11: 53.4 | U11: 53.8 | V11: 50.8 | W11: 52.6 | X11: 54.6 | Y11: 55.6 | Z11: 56.1 | AA11: 55.7
A12: El Salvador | B12: 45.2 | C12: 45.3 | D12: 45.6 | E12: 46.1 | F12: 45.5 | G12: 45.9 | H12: 46.7 | I12: 46.4 | J12: 46.9 | K12: 46.7 | L12: 47.4 | M12: 47.8 | N12: 48 | O12: 47.9 | P12: 49.1 | Q12: 49.4 | R12: 49 | S12: 49.3 | T12: 49.2 | U12: 49.9 | V12: 46.8 | W12: 49.3 | X12: 50.2 | Y12: 50.8 | Z12: 51.2 | AA12: 51.3
A13: Guatemala | B13: 37.4 | C13: 36.9 | D13: 37.1 | E13: 37.3 | F13: 36.9 | G13: 37.8 | H13: 38.2 | I13: 38 | J13: 38 | K13: 38.9 | L13: 37.2 | M13: 38 | N13: 38.9 | O13: 38.2 | P13: 40 | Q13: 39.1 | R13: 40.1 | S13: 39.5 | T13: 39.8 | U13: 40.6 | V13: 37 | W13: 39.2 | X13: 41.6 | Y13: 40 | Z13: 40.5 | AA13: 41.7
... A23: Venezuela | B23: 48.5 | C23: 48.4 | D23: 48.5 | E23: 48.4 | F23: 48.2 | G23: 47.6 | H23: 48.4 | I23: 48.4 | J23: 47.8 | K23: 47.5 | L23: 47.6 | M23: 46.9 | N23: 47.2 | O23: 47.2 | P23: 46.8 | Q23: 47 | R23: 47.8 | S23: 47.8 | T23: 46.6 | U23: 47.2 | V23: 43.6 | W23: 45.7 | X23: 47.4 | Y23: 47.3 | Z23: 47.8 | AA23: 47.6

Sheet Informality
A1: Informal employment, percent of total employment
A2: Country | B2: 2000 | C2: 2001 | D2: 2002 | E2: 2003 | F2: 2004 | G2: 2005 | H2: 2006 | I2: 2007 | J2: 2008 | K2: 2009 | L2: 2010 | M2: 2011 | N2: 2012 | O2: 2013 | P2: 2014 | Q2: 2015 | R2: 2016 | S2: 2017 | T2: 2018 | U2: 2019 | V2: 2020 | W2: 2021 | X2: 2022 | Y2: 2023 | Z2: 2024 | AA2: 2025
A3: Argentina | B3: 44.4 | C3: 44.9 | D3: 45.7 | E3: 43.6 | F3: 42 | G3: 42.9 | H3: 42.9 | I3: 42.8 | J3: 42.9 | K3: 43.2 | L3: 41.9 | M3: 41.2 | N3: 40.4 | O3: 39.9 | P3: 39.8 | Q3: 40.1 | R3: 39.8 | S3: 38.9 | T3: 39.3 | U3: 39.8 | V3: 41.3 | W3: 40.8 | X3: 38 | Y3: 38.1 | Z3: 37.1 | AA3: 37
A4: Bolivia | B4: 76.9 | C4: 75.3 | D4: 75.1 | E4: 75.2 | F4: 74.3 | G4: 74.4 | H4: 73.7 | I4: 73.8 | J4: 72.8 | K4: 73.3 | L4: 72.2 | M4: 71.7 | N4: 72.5 | O4: 71.6 | P4: 72.4 | Q4: 71.7 | R4: 71.6 | S4: 70.6 | T4: 70.5 | U4: 70.5 | V4: 71.1 | W4: 71.1 | X4: 68.7 | Y4: 68.3 | Z4: 68.4 | AA4: 68.3
A5: Brazil | B5: 48.6 | C5: 47.4 | D5: 47.4 | E5: 47.1 | F5: 46.9 | G5: 46.1 | H5: 45.7 | I5: 45 | J5: 44.5 | K5: 45.3 | L5: 45.5 | M5: 44.8 | N5: 43.5 | O5: 43.5 | P5: 42.9 | Q5: 44.2 | R5: 42.8 | S5: 42.3 | T5: 41.6 | U5: 40.3 | V5: 43.3 | W5: 42.5 | X5: 39.9 | Y5: 38.8 | Z5: 39.6 | AA5: 38
A6: Chile | B6: 31.9 | C6: 31.9 | D6: 31.3 | E6: 31.4 | F6: 30.6 | G6: 31.2 | H6: 29.7 | I6: 29.4 | J6: 28.7 | K6: 29.2 | L6: 30 | M6: 29.3 | N6: 29.5 | O6: 28.9 | P6: 28.7 | Q6: 29.4 | R6: 28.1 | S6: 28.8 | T6: 29.1 | U6: 28.3 | V6: 30.6 | W6: 29.4 | X6: 28 | Y6: 27.9 | Z6: 27.5 | AA6: 26.4
A7: Colombia | B7: 60.7 | C7: 60 | D7: 60.2 | E7: 59.7 | F7: 58.3 | G7: 59.3 | H7: 58.8 | I7: 58.7 | J7: 58.9 | K7: 58.8 | L7: 57.5 | M7: 56.9 | N7: 57.1 | O7: 56.8 | P7: 57.2 | Q7: 56.8 | R7: 57.4 | S7: 56 | T7: 56.2 | U7: 56.4 | V7: 57.7 | W7: 57.1 | X7: 55.5 | Y7: 55.9 | Z7: 55.3 | AA7: 55
A8: Costa Rica | B8: 40 | C8: 39.4 | D8: 38.4 | E8: 39.1 | F8: 39.2 | G8: 38.9 | H8: 39.9 | I8: 39.6 | J8: 40.4 | K8: 41.4 | L8: 41.2 | M8: 40.2 | N8: 41 | O8: 41.2 | P8: 40.7 | Q8: 41 | R8: 41.2 | S8: 41.2 | T8: 40.8 | U8: 41.1 | V8: 43.8 | W8: 44.6 | X8: 41.7 | Y8: 41.9 | Z8: 42.5 | AA8: 42.4
A9: Cuba | B9: 25.3 | C9: 25.5 | D9: 25.3 | E9: 26.9 | F9: 25.9 | G9: 26.7 | H9: 26.4 | I9: 27.5 | J9: 27.7 | K9: 27.7 | L9: 27.2 | M9: 27.6 | N9: 28.5 | O9: 28.3 | P9: 28.4 | Q9: 28.9 | R9: 29.8 | S9: 29.2 | T9: 29.7 | U9: 30.4 | V9: 32.3 | W9: NA | X9: 33.2 | Y9: 31.9 | Z9: 32.1 | AA9: 32.6
A10: Dominican Republic | B10: 55.6 | C10: 55.7 | D10: 56.1 | E10: 55.8 | F10: 54.2 | G10: 54.7 | H10: 55.1 | I10: 54.3 | J10: 53.2 | K10: 54.6 | L10: 54.6 | M10: 53.3 | N10: 53.7 | O10: 54 | P10: 54 | Q10: 53.4 | R10: 53.8 | S10: 52.8 | T10: 53 | U10: 52.3 | W10: 55.5 | X10: 53 | Y10: 51.8 | Z10: 52.8 | AA10: 53
A11: Ecuador | B11: 62.9 | C11: 61.4 | D11: 61.2 | E11: 61.9 | F11: 61 | G11: 60.2 | H11: 59.9 | I11: 60.3 | J11: 60.6 | K11: 61 | L11: 59.9 | M11: 59.6 | N11: 59.7 | O11: 60.6 | P11: 60.3 | Q11: 58.9 | R11: 60.7 | S11: 60.7 | T11: 59.8 | U11: 59.4 | V11: 62 | W11: 63.1 | X11: 58.2 | Y11: 59.3 | Z11: 58.4 | AA11: 57.7
A12: El Salvador | B12: 66.5 | C12: 66 | D12: 67.1 | E12: 66 | F12: 65.3 | G12: 65.4 | H12: 65.6 | I12: 65.1 | J12: 64.8 | K12: 65.4 | L12: 64.4 | M12: 64.6 | N12: 65 | O12: 64.5 | P12: 63.2 | Q12: 64.2 | R12: 63.9 | S12: 64 | T12: 63.7 | U12: 63.9 | V12: 65.3 | W12: 65.7 | X12: 62.9 | Y12: 63.2 | Z12: 62.8 | AA12: 62.3
A13: Guatemala | B13: 75.7 | C13: 76.3 | D13: 76.3 | E13: 76.2 | F13: 75.9 | G13: 74.7 | H13: 74.6 | I13: 74.6 | J13: 74.1 | K13: 74.7 | L13: 74.9 | M13: 72.7 | N13: 74.2 | O13: 74.1 | P13: 73.3 | Q13: 72.3 | R13: 72.3 | S13: 71.9 | T13: 72.9 | U13: 71.4 | V13: 74 | W13: 73.6 | X13: 71.8 | Y13: 70.9 | Z13: 71.2 | AA13: 71.5
A14: Honduras | B14: 79 | C14: 78.5 | D14: 78.2 | E14: 77.8 | F14: 77.8 | G14: 76.7 | H14: 76.9 | I14: 77 | J14: 76.3 | K14: 77.1 | L14: 76.2 | M14: 76 | N14: 75.8 | O14: 76 | P14: 74.7 | Q14: 75.8 | R14: 75.9 | S14: 74.7 | T14: 74.7 | U14: 75.7 | V14: 76.7 | W14: 77.5 | X14: 75 | Y14: 75.1 | Z14: 73.7 | AA14: 73.4
A15: Jamaica | B15: 45.1 | C15: 43.5 | D15: 43.5 | E15: 44.5 | F15: 44.6 | G15: 44 | H15: 43.8 | I15: 43.3 | J15: 43.2 | K15: 43.4 | L15: 41.8 | M15: 43.1 | N15: 42.5 | O15: 42.4 | P15: 42 | Q15: 42.5 | R15: 41.5 | S15: 40.5 | T15: 41 | U15: 41.2 | V15: 43 | W15: 43.4 | X15: 40.9 | Y15: 39.5 | Z15: 40.1 | AA15: 40
A16: Mexico | B16: 54.5 | C16: 54.3 | D16: 54.7 | E16: 54.3 | F16: 54.3 | G16: 54.5 | H16: 54.1 | I16: 54.2 | J16: 54 | K16: 55 | L16: 55.2 | M16: 54.5 | N16: 54.1 | O16: 54.3 | P16: 53.9 | Q16: 54.5 | R16: 53.8 | S16: 54.3 | T16: 53.9 | U16: 55.3 | V16: 58 | W16: 56.7 | X16: 53.6 | Y16: 55.1 | Z16: 55.8 | AA16: 56.7
A17: Nicaragua | B17: 79.8 | C17: 79.9 | D17: 79.4 | E17: 78 | F17: 79.2 | G17: 79 | H17: 77.8 | I17: 77.2 | J17: 78 | K17: 77.8 | L17: 78.1 | M17: 77.7 | N17: 76.9 | O17: 76.3 | P17: 76.7 | Q17: 77.6 | R17: 77.3 | S17: 77.4 | T17: 79 | U17: 79.5 | V17: 80.5 | X17: 77.7 | Y17: 76.7 | Z17: 77 | AA17: 76.8
A18: Panama | B18: 43.8 | C18: 42.3 | D18: 41.6 | E18: 42.5 | F18: 41.8 | G18: 42.7 | H18: 42.6 | I18: 42.7 | J18: 42.6 | K18: 44.1 | L18: 44.2 | M18: 42.9 | N18: 43.5 | O18: 43.3 | P18: 42.5 | Q18: 43.3 | R18: 42.5 | S18: 43.5 | T18: 44 | U18: 43.6 | V18: 46.1 | W18: 46.5 | X18: 44.2 | Y18: 44 | Z18: 44.3 | AA18: 44.8
A19: Paraguay | B19: 70 | C19: 69.5 | D19: 70.3 | E19: 70.1 | F19: 69.5 | G19: 68 | H19: 68.9 | I19: 68.7 | J19: 66.9 | K19: 67.1 | L19: 68 | M19: 67.6 | N19: 66.2 | O19: 66.3 | P19: 66.3 | Q19: 66 | R19: 66 | S19: 65.9 | T19: 65.4 | U19: 65.7 | V19: 67.1 | W19: 66 | X19: 63.7 | Y19: 64.9 | Z19: 64.8 | AA19: 64.6
A20: Peru | B20: 74.1 | C20: 73.1 | D20: 72.7 | E20: 73.1 | F20: 72.7 | G20: 73.3 | H20: 73.3 | I20: 72.9 | J20: 71.7 | K20: 73.8 | L20: 72.3 | M20: 71.4 | N20: 71.5 | O20: 71.4 | P20: 71.7 | Q20: 71.5 | R20: 71.9 | S20: 71.6 | T20: 70.2 | U20: 70.6 | V20: 72.2 | W20: 73.4 | X20: 70.2 | Y20: 70.5 | Z20: 71.2 | AA20: 70.5
A21: Trinidad and Tobago | B21: 31 | C21: 29.7 | D21: 29.5 | E21: 29.7 | F21: 30 | G21: 30 | H21: 30.5 | I21: 29.1 | J21: 30.9 | K21: 30.9 | L21: 29.9 | M21: 30.4 | N21: 31.7 | O21: 30.2 | P21: 30.3 | Q21: 30.6 | R21: 32.3 | S21: 30.7 | T21: 32 | U21: 31.8 | V21: 34.2 | W21: 34.2 | X21: 32.4 | Y21: 32.6 | Z21: 32.7 | AA21: 31.4
A22: Uruguay | B22: 36.9 | C22: 36.8 | D22: 37.2 | E22: 35.9 | F22: 34.9 | G22: 34.6 | H22: 32.8 | I22: 32.3 | J22: 32.1 | K22: 32.5 | L22: 31.2 | M22: 31 | N22: 30.4 | O22: 30.7 | P22: 29.1 | Q22: 30.1 | R22: 29.6 | S22: 27.7 | T22: 28.6 | U22: 28.5 | V22: 29.5 | W22: 28.3 | X22: 26 | Y22: 26.2 | Z22: 24.6 | AA22: 25.5
A23: Venezuela | B23: 50.2 | C23: 51.2 | D23: 53 | E23: 54.1 | F23: 51.9 | G23: 52.8 | H23: 53.4 | I23: 55.8 | J23: 56.2 | K23: 56.8 | L23: 56.1 | M23: 57.6 | N23: 59 | O23: 59.2 | P23: 60.5 | Q23: 62.2 | R23: 66 | S23: 66.2 | T23: 68.7 | U23: 68.7 | V23: 71.2 | W23: 68.9 | X23: 67.6 | Y23: 65.9 | Z23: 66.9 | AA23: 67.2
A24: Ecuador | B24: 62.9 | C24: 61.4 | D24: 61.2 | E24: 61.9 | F24: 61 | G24: 60.2 | H24: 59.9 | I24: 60.3 | J24: 60.6 | K24: 61 | L24: 59.9 | M24: 59.6 | N24: 59.7 | O24: 60.6 | P24: 60.3 | Q24: 58.9 | R24: 60.7 | S24: 60.7 | T24: 59.8 | U24: 59.4 | V24: NA | W24: 63.1 | X24: 58.2 | Y24: 59.3 | Z24: 58.4 | AA24: 57.7
A25: Panama | B25: 43.8 | C25: 42.3 | D25: 41.6 | E25: 42.5 | F25: 41.8 | G25: 42.7 | H25: 42.6 | I25: 42.7 | J25: 42.6 | K25: 44.1 | L25: 44.2 | M25: 42.9 | N25: 43.5 | O25: 43.3 | P25: 42.5 | Q25: 43.3 | R25: 42.5 | S25: 43.5 | T25: 44 | U25: 43.6 | V25: 46.1 | W25: 46.5 | X25: 44.2 | Y25: 44 | Z25: 44.3 | AA25: 44.8

Sheet Youth_unemployment
A1: Unemployment rate, ages 15 to 24, percent
A2: Country | B2: 2000 | C2: 2001 | D2: 2002 | E2: 2003 | F2: 2004 | G2: 2005 | H2: 2006 | I2: 2007 | J2: 2008 | K2: 2009 | L2: 2010 | M2: 2011 | N2: 2012 | O2: 2013 | P2: 2014 | Q2: 2015 | R2: 2016 | S2: 2017 | T2: 2018 | U2: 2019 | V2: 2020 | W2: 2021 | X2: 2022 | Y2: 2023 | Z2: 2024 | AA2: 2025
A3: Argentina | B3: 27.3 | C3: 30.8 | D3: 35.2 | E3: 26 | F3: 27.5 | G3: 28.6 | H3: 27.1 | I3: 28.4 | J3: 25.9 | K3: 29.8 | L3: 21 | M3: 25.5 | N3: 25.6 | O3: 22.1 | P3: 22.1 | Q3: 20.3 | R3: 22.3 | S3: 23.3 | T3: 23.2 | U3: 28.6 | V3: 35.4 | W3: 27.2 | X3: 25.1 | Y3: 25.9 | Z3: 24 | AA3: 27.1
A4: Bolivia | B4: 14.6 | C4: 12.8 | D4: 13.1 | E4: 13.5 | F4: 9.6 | G4: 8.8 | H4: 8.1 | I4: 12.3 | J4: 11.5 | K4: 16.8 | L4: 13.9 | M4: 13 | N4: 12.1 | O4: 11.2 | P4: 13.7 | Q4: 16.1 | R4: 15.4 | S4: 13.1 | T4: 16.3 | U4: 14.5 | V4: 24.1 | W4: 13 | X4: 10.8 | Y4: 11.6 | Z4: 13.2 | AA4: 13.7
A5: Brazil | B5: 21 | C5: 18.5 | D5: 20.8 | E5: 20.6 | F5: 19.3 | G5: 20.6 | H5: 19.5 | I5: 20.9 | J5: 18.5 | K5: 22.7 | L5: 25 | M5: 19 | N5: 16.1 | O5: 19.8 | P5: 20.8 | Q5: 23.2 | R5: 27.8 | S5: 21.3 | T5: 21.4 | U5: 21.7 | V5: 31.1 | W5: 23.9 | X5: 19.7 | Y5: 18.4 | Z5: 17.3 | AA5: 17.2
A6: Chile | B6: 17.2 | C6: 19.3 | D6: 19.5 | E6: 16.2 | F6: 15.4 | G6: 15.3 | H6: 11 | I6: 12 | J6: 10.9 | K6: 12.8 | L6: 11.6 | M6: 14.2 | N6: 13.1 | O6: 10.9 | P6: 16 | Q6: 14.6 | R6: 16.5 | S6: 16.7 | T6: 16.7 | U6: 18.7 | V6: 30.5 | W6: 20.5 | X6: 21.5 | Y6: 18.6 | Z6: 17.3 | AA6: 17
A7: Colombia | B7: 27.1 | C7: 25.5 | D7: 26.6 | E7: 25.7 | F7: 22.7 | G7: 23.2 | H7: 25.5 | I7: 22.8 | J7: 24.9 | K7: 26.3 | L7: 22 | M7: 23.3 | N7: 23.1 | O7: 23.4 | P7: 26 | Q7: 25.9 | R7: 24.7 | S7: 24 | T7: 24.2 | U7: 23.1 | V7: 32.4 | W7: 25.3 | X7: 28.1 | Y7: 24.9 | Z7: 22.4 | AA7: 23.2
A8: Costa Rica | B8: 22.7 | C8: 18.6 | D8: 18 | E8: 16.7 | F8: 17 | G8: 15.4 | H8: 14 | I8: 16.6 | J8: 15.7 | K8: 18.7 | L8: 17.9 | M8: 17.1 | N8: 18.9 | O8: 16.8 | P8: 16.1 | Q8: 19.8 | R8: 18.7 | S8: 19.6 | T8: 18.7 | U8: 20.2 | V8: 33.8 | W8: 22.3 | X8: 19.5 | Y8: 16.7 | Z8: 18.3 | AA8: 15.7
A9: Cuba | B9: 14.5 | C9: 12.9 | D9: 12.3 | E9: 12.2 | F9: 12.5 | G9: 12.6 | H9: 13.8 | I9: 13.5 | J9: 14.5 | K9: 14 | L9: 10.8 | M9: 10.6 | N9: 11.4 | O9: 12.4 | P9: 11.5 | Q9: 12.6 | R9: 11.3 | S9: 12.9 | T9: 9.3 | U9: 13 | V9: 27.1 | W9: 20.4 | X9: 16.7 | Y9: 16.6 | Z9: 14 | AA9: 18.1
A10: Dominican Republic | B10: 21.9 | C10: 22.8 | D10: 18.1 | E10: 15.3 | F10: 14.6 | G10: 15.2 | H10: 16.4 | I10: 17.2 | J10: 15.8 | K10: 17.3 | L10: 16.4 | M10: 17.9 | N10: 17.2 | O10: 16.4 | P10: 16.9 | Q10: 18.5 | R10: 16.7 | S10: 17.4 | T10: 17.3 | U10: 18.1 | V10: 33 | W10: 25.9 | X10: 22.2 | Y10: 20.7 | Z10: 20.9 | AA10: 21.2
A11: Ecuador | B11: 13.9 | C11: 14.3 | D11: 12.1 | E11: 11.4 | F11: 9 | G11: 9.8 | H11: 8.5 | I11: 11.7 | J11: 11.6 | K11: 15.4 | L11: 11.1 | M11: 10.7 | N11: 9.5 | O11: 12.4 | P11: 13.2 | Q11: 13 | R11: 19.3 | S11: 20.1 | T11: 15.6 | U11: 16.1 | V11: 27.3 | W11: 23.1 | X11: 13.6 | Y11: 15.7 | Z11: 13.6 | AA11: 15.1
A12: El Salvador | B12: 16.5 | C12: 14.3 | D12: 16.2 | E12: 14.7 | F12: 13.3 | G12: 13.4 | H12: 11 | I12: 10.5 | J12: 10.8 | K12: 13.2 | L12: 11.9 | M12: 13.1 | N12: 14.4 | O12: 16.5 | P12: 13.6 | Q12: 13.1 | R12: 14.7 | S12: 14.5 | T12: 12.3 | U12: 11.4 | V12: 23.9 | W12: 14.7 | X12: 11.3 | Y12: 11.5 | Z12: 12.2 | AA12: 9.2
A13: Guatemala | B13: 14.6 | C13: 13.4 | D13: 12.7 | E13: 12.8 | F13: 11.5 | G13: 12.4 | H13: 11.2 | I13: 11.8 | J13: 11.3 | K13: 15.1 | L13: 12.1 | M13: 11.8 | N13: 13.6 | O13: 12 | P13: 11.7 | Q13: 12.3 | R13: 13.9 | S13: 14.2 | T13: 11.7 | U13: 12.2 | V13: 22.6 | W13: 17.5 | X13: 15.3 | Y13: 12 | Z13: 12.5 | AA13: 12.2
... A23: Venezuela | B23: 26.4 | C23: 22.3 | D23: 28.5 | E23: 33.3 | F23: 16.4 | G23: 14.9 | H23: 13.9 | I23: 19.7 | J23: 19.4 | K23: 22.7 | L23: 18.6 | M23: 21.2 | N23: 16.8 | O23: 20.6 | P23: 18.8 | Q23: 22.3 | R23: 39.5 | S23: 38.7 | T23: 45.2 | U23: 51.8 | V23: 49.4 | W23: 41.2 | X23: 25.3 | Y23: 19.7 | Z23: 17.9 | AA23: 18.2

Sheet notes
A1: Note
A2: Annual averages from national household surveys.
A3: Unemployment refers to the open unemployment rate of the working age population.
A4: Informality follows the productive definition used before the 2018 revision
A5: for most countries and the ILO definition afterwards.
A6: Youth refers to the population aged 15 to 24 years.
A7: Some countries appear twice because the 2019 and 2021 vintages were merged.
