Workbook

Sheet Summary
A1: Macroeconomic indicators
A2: Computed with formulas over the data sheets in this workbook.
A4: Sheet | B4: Data rows | C4: First year | D4: Last year | E4: Average, last year | F4: Minimum | G4: Maximum
A5: GDP | B5: =COUNTA(GDP!A4:A24) -> 21 | C5: =GDP!B3 -> 2000 | D5: =GDP!AA3 -> 2025 | E5: =IFERROR(AVERAGE(GDP!AA4:AA24),"") -> 373235.32 | F5: =IFERROR(MIN(GDP!B4:AA24),"") -> 5100 | G5: =IFERROR(MAX(GDP!B4:AA24),"") -> 216048200
A6: GDP_per_capita | B6: =COUNTA(GDP_per_capita!A3:A23) -> 21 | C6: =GDP_per_capita!B2 -> 2000 | D6: =GDP_per_capita!AA2 -> 2025 | E6: =IFERROR(AVERAGE(GDP_per_capita!AA3:AA23),"") -> 12185.762 | F6: =IFERROR(MIN(GDP_per_capita!B3:AA23),"") -> 1000 | G6: =IFERROR(MAX(GDP_per_capita!B3:AA23),"") -> 24085
A7: Growth | B7: =COUNTA(Growth!A4:A24) -> 21 | C7: =Growth!B3 -> 2000 | D7: =Growth!AA3 -> 2025 | E7: =IFERROR(AVERAGE(Growth!AA4:AA24),"") -> 2.62125 | F7: =IFERROR(MIN(Growth!B4:AA24),"") -> -29.38 | G7: =IFERROR(MAX(Growth!B4:AA24),"") -> 18.95
A8: Exchange_Rate | B8: =COUNTA(Exchange_Rate!A4:A24) -> 21 | C8: =Exchange_Rate!B3 -> 2000 | D8: =Exchange_Rate!AA3 -> 2025 | E8: =IFERROR(AVERAGE(Exchange_Rate!AA4:AA24),"") -> 6533.5531 | F8: =IFERROR(MIN(Exchange_Rate!B4:AA24),"") -> 0.7 | G8: =IFERROR(MAX(Exchange_Rate!B4:AA24),"") -> 122336.8
A10: Blank cells are series with no data for the last year in every country.

Sheet GDP
A1: Gross domestic product at current prices
A2: Millions of US dollars. '..' denotes data not available.
A3: Country | B3: 2000 | C3: 2001 | D3: 2002 | E3: 2003 | F3: 2004 | G3: 2005 | H3: 2006 | I3: 2007 | J3: 2008 | K3: 2009 | L3: 2010 | M3: 2011 | N3: 2012 | O3: 2013 | P3: 2014 | Q3: 2015 | R3: 2016 | S3: 2017 | T3: 2018 | U3: 2019 | V3: 2020 | W3: 2021 | X3: 2022 | Y3: 2023 | Z3: 2024 | AA3: 2025
A4: Chile | B4: 78540 | C4: 81745.4 | D4: 86353.2 | E4: 94832 | F4: 107072.9 | G4: 119132.6 | H4: 136279.8 | I4: 152229.3 | J4: 169955.6 | K4: 184941.4 | L4: 209046.3 | M4: 228515.2 | N4: 244390.8 | O4: 265309.7 | P4: 277520 | Q4: 280994.7 | R4: 282344 | S4: 294569.7 | T4: 316828.6 | U4: 325288.7 | V4: 298853.5 | W4: 345349.4 | X4: 358033.8 | Y4: 377525.6 | Z4: 400255.7 | AA4: 419302.5
A5: Argentina | B5: 284900 | C5: 283686.5 | D5: 266053.4 | E5: 306094.9 | F5: 326843.4 | G5: 339950.6 | H5: 364936 | I5: 393876.8 | J5: 417071.6 | K5: 435017.2 | L5: 502655 | M5: 529306.1 | N5: 562810.4 | O5: 614124.5 | P5: 652209.5 | Q5: 678481.7 | R5: 672463.3 | S5: 709326.6 | T5: 713037.3 | U5: 638601 | V5: 589751.7 | W5: 649214.2 | X5: 668049.8 | Y5: 654846 | Z5: 665273.6 | AA5: 646411.8
A6: Bolivia | C6: 9380.2 | D6: 10031 | E6: 10884.7 | F6: 12484.6 | G6: 14368.5 | H6: 16197.8 | I6: 18073.9 | J6: 20241.9 | K6: 21476.5 | L6: 24183.3 | M6: 27159.7 | N6: 29210.5 | O6: 32181.1 | P6: 34379.8 | Q6: 33971.1 | R6: 34388.3 | S6: 36922.2 | T6: 38894.7 | U6: 40994.9 | V6: 39767 | W6: 46831.2 | X6: 51309.6 | Y6: 54470.2 | Z6: 56905.5 | AA6: 60281.5
A7: Brazil | B7: 647500 | C7: 687081.9 | D7: 725018.7 | E7: 749066.5 | F7: 815266 | G7: 871500.3 | H7: 938300.8 | I7: 1015216.9 | J7: 1116221.4 | K7: 1158675.5 | L7: 1210926.6 | M7: 1343074.6 | N7: 1465016 | O7: 1507291.7 | P7: 1567612.8 | Q7: 1483558.5 | R7: 1399931.2 | S7: 1469761.6 | T7: 1541312.3 | U7: 1652329.4 | V7: 1576435.9 | W7: 1786815.4 | X7: 1911363.2 | Y7: 2046461 | Z7: 2148507.6 | AA7: 2283073
A8: Colombia | B8: 99500 | C8: 106475.6 | D8: 112945 | E8: 121589.4 | F8: 134760.1 | G8: 150860.3 | H8: 165608.2 | I8: 182946.9 | J8: 203187.7 | K8: 215240.6 | L8: 241949.4 | M8: 267517.1 | N8: 282698.2 | O8: 299508.5 | P8: 317793.5 | Q8: 321941.8 | R8: 324863.2 | S8: 344465.7 | T8: 367934.4 | U8: 392399.1 | V8: 382400.4 | W8: 435225.2 | X8: 465623.6 | Y8: 505003.9 | Z8: 546151.6 | AA8: 579756.6
A9: Cuba | B9: 31080 | C9: 32436.9 | D9: 34035.2 | E9: 35796 | F9: 38383.3 | G9: 40212.7 | H9: 42433.7 | I9: 44471.1 | J9: 47028.8 | K9: 48274.9 | L9: 51820.9 | M9: 54549.6 | N9: 56938.9 | O9: 58555.6 | P9: 62729.2 | Q9: 63007.5 | R9: 65514 | S9: 67243.5 | T9: 71330.9 | U9: 71985.2 | V9: 66441.6 | W9: 71194.1 | X9: 73134.6 | Y9: 76677.3 | Z9: 79932.9 | AA9: 81152.6
A10: Dominican Republic | B10: 24940 | C10: 26970.5 | D10: 29081.3 | E10: 32480.3 | F10: 36365.9 | G10: 39864.3 | H10: 44346.5 | I10: 49173.7 | J10: 55745.3 | K10: 59192 | L10: 66252.3 | M10: 72987.9 | N10: 77932.5 | O10: 87013.5 | P10: 95984.8 | Q10: 101572.2 | R10: 107213.9 | S10: 117499 | T10: 125516 | U10: 137869.2 | V10: 128619.7 | W10: 143063.6 | X10: 157310.3 | Y10: 168201.7 | Z10: 182506.2 | AA10: 192020.1
A11: Ecuador | B11: 18270 | C11: 19614.4 | D11: 20877.8 | E11: 22080.6 | F11: 25166.5 | G11: 28218.4 | H11: 32040.8 | I11: 34442.2 | J11: 38640.7 | K11: 41039.7 | L11: 46762.3 | M11: 53229.3 | N11: 57672.4 | O11: 60057.2 | P11: 63387.9 | Q11: 63665 | R11: 61963.6 | S11: 65146.9 | T11: 69803.9 | U11: 72558.1 | V11: 68445.8 | W11: 74131.1 | X11: 83234.5 | Y11: 88419.8 | Z11: 91906.2 | AA11: 93461.1
A12: El Salvador | B12: 12980 | C12: 13607.8 | D12: 14065.1 | E12: 14567.2 | F12: 15490.8 | G12: 16569.5 | H12: 17651.5 | I12: 18733 | J12: 19927 | K12: 20425.3 | L12: 21999.1 | M12: 23178.4 | N12: 23909.3 | O12: 24701.5 | P12: 26033.7 | Q12: 26947.9 | R12: 28040 | S12: 29488.8 | T12: 31398.8 | U12: 33113.1 | V12: 30679.2 | W12: 34431.2 | X12: 37043.5 | Y12: 38677 | Z12: 40649.2 | AA12: 43570.7
A13: Guatemala | B13: 19720 | C13: 21502 | D13: 23071 | E13: 24790.1 | F13: 27314.1 | G13: 30520.4 | H13: 33635.8 | I13: 36987.1 | J13: 40225.8 | K13: 42395.2 | L13: 47080.1 | M13: 51190.5 | N13: 54751.3 | O13: 59132.7 | P13: 63290.8 | Q13: 67413.5 | R13: 69991.3 | S13: 75104.5 | T13: 82889.4 | U13: 88503.3 | V13: 84710.1 | W13: 95612.1 | X13: 105460.8 | Y13: 113887.8 | Z13: 119709.3 | AA13: 129990.8
A14: Honduras | B14: 8118 | C14: 8731.7 | D14: 9341.9 | E14: 9864.1 | F14: 10891.2 | G14: 12078.4 | H14: 13232.2 | I14: 14512.9 | J14: 15995.3 | K14: 16904.9 | L14: 18794.7 | M14: 19904 | N14: 21209 | O14: 22704.6 | P14: 24848.2 | Q14: 26119.4 | R14: 26756.2 | S14: 29033.7 | T14: 30155.7 | U14: 31192.4 | V14: 29517.9 | W14: 33905.4 | X14: 37905.6 | Y14: 41458.1 | Z14: 45263.2 | AA14: 47832.2
A15: Jamaica | B15: 8840 | C15: 9010.9 | D15: 9419 | E15: 9513.5 | F15: 9816.6 | G15: 10262.9 | H15: 11284.6 | I15: 12068.6 | J15: 12787.3 | K15: 12950 | L15: 13909.4 | M15: 14529.3 | N15: 15276.1 | O15: 15875.7 | P15: 16296.1 | Q15: 16612 | R15: 17167.8 | S15: 18454.5 | T15: 19143.2 | U15: 19350.4 | V15: 17050.1 | W15: 18769.9 | X15: 19610.2 | Y15: 20586.5 | Z15: 21124.9 | AA15: 21846.3
A16: Mexico | B16: 652740 | C16: 699794 | D16: 732592.4 | E16: 760034.8 | F16: 833174.5 | G16: 905172.8 | H16: 1002635.3 | I16: 1063121.4 | J16: 1150362.3 | K16: 1173880.4 | L16: 1279927.6 | M16: 1369367.5 | N16: 1487609.6 | O16: 1587210.4 | P16: 1705643.2 | Q16: 1703015.6 | R16: 1763271.5 | S16: 1882344 | T16: 1953786.1 | U16: 2028404.7 | V16: 1870303.7 | W16: 2130816.1 | X16: 2309475.4 | Y16: 2366786.6 | Z16: 2405575.6 | AA16: 2391280
A17: Nicaragua | B17: 5100 | C17: 5575.6 | D17: 5784.8 | E17: 6347.7 | F17: 6772 | G17: 7544.4 | H17: 8447 | I17: 9254.9 | J17: 9820.8 | K17: 10367 | L17: 11595.1 | M17: 12613.2 | N17: 13469.8 | O17: 14643 | P17: 15737.8 | Q17: 16397.7 | R17: 16627.6 | S17: 17686.7 | T17: 17840.5 | U17: 18281 | V17: 16713.6 | W17: 18932 | X17: 20461.6 | Y17: 21296.2 | Z17: 22488.3 | AA17: 22902.6
A18: Panama | B18: 12900 | C18: 14191.3 | D18: 15940.7 | E18: 17329.2 | F18: 18865.6 | G18: 20388.2 | H18: 22380.2 | I18: 25610.8 | J18: 28104.6 | K18: 29250.2 | L18: 32614.8 | M18: 35049.8 | N18: 37739.4 | O18: 42339.9 | P18: 46021.7 | Q18: 48936.9 | R18: 52517.6 | S18: 57154.5 | T18: 61687.7 | U18: 66952.9 | V18: 60008 | W18: 70159.2 | X18: 76277.5 | Y18: 85454.8 | Z18: 92267 | AA18: 101747.1
... A23: Venezuela | B23: 117600 | C23: 120759.5 | D23: 113387.1 | E23: 108756.8 | F23: 138776.8 | G23: 154366.3 | H23: 175664.9 | I23: 183538.8 | J23: 202127.1 | K23: 215941.6 | L23: 250854.2 | M23: 263963.9 | N23: 290096.7 | O23: 297014.8 | P23: 306975.2 | Q23: 235646.9 | R23: 146172 | S23: 118173.8 | T23: 90602.4 | U23: 58160.6 | V23: 38593.7 | W23: 40157.1 | X23: 41861.4 | Y23: 41088.1 | Z23: 40885.2 | AA23: 38990.5
A24: costa rica | B24: .. | C24: 17529.8 | D24: 18921.5 | E24: 20303 | F24: 22416.4 | G24: 24849.9 | H24: 27709.7 | I24: 30086.8 | J24: 32666.1 | K24: 34122.5 | L24: 37751 | M24: 40841 | N24: 43096.9 | O24: 46752.2 | P24: 50744.7 | Q24: 53006.6 | R24: 54759.3 | S24: 58713.8 | T24: 62655.1 | U24: 66547.5 | V24: 63056.8 | W24: 72767.2 | X24: 80031.8 | Y24: 86393.5 | Z24: 91542.1 | AA24: 99622.5

Sheet GDP_per_capita
A1: GDP per capita, current US dollars
A2: Country | B2: 2000 | C2: 2001 | D2: 2002 | E2: 2003 | F2: 2004 | G2: 2005 | H2: 2006 | I2: 2007 | J2: 2008 | K2: 2009 | L2: 2010 | M2: 2011 | N2: 2012 | O2: 2013 | P2: 2014 | Q2: 2015 | R2: 2016 | S2: 2017 | T2: 2018 | U2: 2019 | V2: 2020 | W2: 2021 | X2: 2022 | Y2: 2023 | Z2: 2024 | AA2: 2025
A3: Chile | B3: 5100 | C3: 5259 | D3: 5505 | E3: 5992 | F3: 6706 | G3: 7397 | H3: 8391 | I3: 9296 | J3: 10295 | K3: 11114 | L3: 12465 | M3: 13523 | N3: 14356 | O3: 15472 | P3: 16070 | Q3: 16159 | R3: 16128 | S3: 16716 | T3: 17864 | U3: 18227 | V3: 16645 | W3: 19121 | X3: 19711 | Y3: 20669 | Z3: 21795 | AA3: 22714
A4: Argentina | B4: 7700 | C4: 7593 | D4: 7053 | E4: 8038 | F4: 8504 | G4: 8765 | H4: 9326 | I4: 9979 | J4: 10477 | K4: 10837 | L4: 12420 | M4: 12974 | N4: 13688 | O4: 14823 | P4: 15625 | Q4: 16137 | R4: 15880 | S4: 16635 | T4: 16610 | U4: 14779 | V4: 13562 | W4: 14837 | X4: 15176 | Y4: 14789 | Z4: 14940 | AA4: 14437
A5: Bolivia | B5: 1010 | C5: 1100 | D5: 1159 | E5: 1239 | F5: 1401 | G5: 1590 | H5: 1768 | I5: 1947 | J5: 2152 | K5: 2254 | L5: 2506 | M5: 2780 | N5: 2954 | O5: 3216 | P5: 3397 | Q5: 3319 | R5: 3323 | S5: 3530 | T5: 3680 | U5: 3839 | V5: 3688 | W5: 4301 | X5: 4669 | Y5: 4912 | Z5: 5087 | AA5: 5343
A6: Brazil | B6: 3700 | C6: 3892 | D6: 4071 | E6: 4171 | F6: 4502 | G6: 4773 | H6: 5098 | I6: 5473 | J6: 5972 | K6: 6152 | L6: 6383 | M6: 7029 | N6: 7613 | O6: 7779 | P6: 8036 | Q6: 7556 | R6: 7084 | S6: 7392 | T6: 7705 | U6: 8211 | V6: 7789 | W6: 8779 | X6: 9340 | Y6: 9948 | Z6: 10391 | AA6: 10987
A7: Colombia | B7: 2500 | C7: 2645 | D7: 2775 | E7: 2956 | F7: 3241 | G7: 3591 | H7: 3902 | I7: 4267 | J7: 4693 | K7: 4924 | L7: 5484 | M7: 6008 | N7: 6292 | O7: 6608 | P7: 6952 | Q7: 6984 | R7: 6990 | S7: 7353 | T7: 7793 | U7: 8249 | V7: 7980 | W7: 9018 | X7: 9581 | Y7: 10322 | Z7: 11091 | AA7: 11699
A8: Cuba | B8: 2800 | C8: 2919 | D8: 3060 | E8: 3216 | F8: 3445 | G8: 3606 | H8: 3801 | I8: 3980 | J8: 4206 | K8: 4314 | L8: 4627 | M8: 4866 | N8: 5076 | O8: 5216 | P8: 5583 | Q8: 5604 | R8: 5823 | S8: 5972 | T8: 6331 | U8: 6385 | V8: 5889 | W8: 6307 | X8: 6475 | Y8: 6784 | Z8: 7069 | AA8: 7172
A9: Dominican Republic | B9: 2900 | C9: 3098 | D9: 3301 | E9: 3643 | F9: 4033 | G9: 4371 | H9: 4809 | I9: 5274 | J9: 5916 | K9: 6217 | L9: 6888 | M9: 7512 | N9: 7944 | O9: 8785 | P9: 9601 | Q9: 10068 | R9: 10534 | S9: 11445 | T9: 12123 | U9: 13208 | V9: 12224 | W9: 13492 | X9: 14724 | Y9: 15629 | Z9: 16839 | AA9: 17595
A10: Ecuador | B10: 1450 | C10: 1536 | D10: 1613 | E10: 1683 | F10: 1894 | G10: 2097 | H10: 2352 | I10: 2497 | J10: 2769 | K10: 2906 | L10: 3274 | M10: 3685 | N10: 3950 | O10: 4069 | P10: 4251 | Q10: 4226 | R10: 4072 | S10: 4240 | T10: 4501 | U10: 4636 | V10: 4334 | W10: 4654 | X10: 5181 | Y10: 5460 | Z10: 5630 | AA10: 5682
A11: El Salvador | B11: 2200 | C11: 2296 | D11: 2363 | E11: 2437 | F11: 2581 | G11: 2749 | H11: 2917 | I11: 3084 | J11: 3268 | K11: 3337 | L11: 3581 | M11: 3759 | N11: 3864 | O11: 3978 | P11: 4179 | Q11: 4311 | R11: 4472 | S11: 4688 | T11: 4977 | U11: 5233 | V11: 4834 | W11: 5411 | X11: 5805 | Y11: 6045 | Z11: 6337 | AA11: 6776
A12: Guatemala | B12: 1700 | C12: 1819 | D12: 1916 | E12: 2021 | F12: 2187 | G12: 2401 | H12: 2601 | I12: 2812 | J12: 3008 | K12: 3120 | L12: 3410 | M12: 3651 | N12: 3846 | O12: 4092 | P12: 4317 | Q12: 4534 | R12: 4643 | S12: 4915 | T12: 5354 | U12: 5644 | V12: 5336 | W12: 5950 | X12: 6487 | Y12: 6926 | Z12: 7200 | AA12: 7736
A13: Honduras | B13: 1230 | C13: 1298 | D13: 1363 | E13: 1413 | F13: 1533 | G13: 1670 | H13: 1798 | I13: 1940 | J13: 2103 | K13: 2186 | L13: 2392 | M13: 2495 | N13: 2618 | O13: 2762 | P13: 2979 | Q13: 3087 | R13: 3119 | S13: 3340 | T13: 3424 | U13: 3496 | V13: 3268 | W13: 3709 | X13: 4098 | Y13: 4431 | Z13: 4785 | AA13: 5003
... A23: costa rica | B23: 4100 | C23: 4442 | D23: 4740 | E23: 5029 | F23: 5492 | G23: 6022 | H23: 6644 | I23: 7139 | J23: 7672 | K23: 7935 | L23: 8693 | M23: 9315 | N23: 9738 | O23: 10467 | P23: 11260 | Q23: 11660 | R23: 11943 | S23: 12700 | T23: 13444 | U23: 14167 | V23: 13321 | W23: 15259 | X23: 16662 | Y23: 17860 | Z23: 18797 | AA23: 20322

Sheet Growth
A1: Real GDP growth, annual percentage change
A2: Constant 2015 prices
A3: Country | B3: 2000 | C3: 2001 | D3: 2002 | E3: 2003 | F3: 2004 | G3: 2005 | H3: 2006 | I3: 2007 | J3: 2008 | K3: 2009 | L3: 2010 | M3: 2011 | N3: 2012 | O3: 2013 | P3: 2014 | Q3: 2015 | R3: 2016 | S3: 2017 | T3: 2018 | U3: 2019 | V3: 2020 | W3: 2021 | X3: 2022 | Y3: 2023 | Z3: 2024 | AA3: 2025
A4: Chile | B4: 7.12 | C4: 0.92 | D4: 2.48 | E4: 6.64 | F4: 6.42 | G4: 4.81 | H4: 7.93 | I4: 5.28 | J4: 5.24 | K4: 2.46 | L4: 6.66 | M4: 2.99 | N4: 3.96 | O4: 5.58 | P4: 1.66 | Q4: 3.3 | R4: 2.56 | S4: 1.45 | T4: 4.67 | U4: -0.17 | V4: -8.88 | W4: 12.68 | X4: 0.88 | Y4: 2.66 | Z4: 3.25 | AA4: 2.01
A5: Argentina | B5: 1.25 | C5: -3.59 | D5: -9.31 | E5: 11.77 | F5: 0.9 | G5: -1.83 | H5: 1.5 | I5: 2.1 | J5: 0.09 | K5: -1.46 | L5: 9.71 | M5: -0.44 | N5: 3.3 | O5: 6.09 | P5: 3.21 | Q5: 5.12 | R5: 0.26 | S5: 2.55 | T5: 3.15 | U5: -7.72 | V5: -2.94 | W5: 12.7 | X5: 5.58 | Y5: 0.75 | Z5: 4.32
A6: Bolivia | B6: 5.06 | C6: 6.71 | D6: 3.16 | E6: 4.74 | F6: 7.27 | G6: 7.69 | H6: 5.39 | I6: 4.29 | J6: 4.73 | K6: -1.06 | L6: 5.39 | M6: 5.13 | N6: 4.06 | O6: 6.68 | P6: 3.41 | Q6: 0.91 | R6: 3.32 | S6: 4.03 | T6: 2.05 | U6: 2.14 | V6: -4.15 | W6: 14.44 | X6: 6.35 | Y6: 3 | Z6: 1.36 | AA6: 2.84
A7: Brazil | B7: 4.41 | C7: 2.98 | D7: 2.41 | E7: 0.24 | F7: 2.74 | G7: 0.83 | H7: 1.61 | I7: 2.15 | J7: 3.91 | K7: -2.17 | L7: -1.46 | M7: 4.92 | N7: 6.12 | O7: -0.02 | P7: 1.11 | Q7: -3.68 | R7: -3.94 | S7: 2.14 | T7: 2.03 | U7: 4.37 | V7: -5.34 | W7: 10.51 | X7: 4.19 | Y7: 4.31 | Z7: 2.25 | AA7: 3.54
A8: Colombia | B8: 5.14 | C8: 3.62 | D8: 2.71 | E8: 4.3 | F8: 4.46 | G8: 5.59 | H8: 3.46 | I8: 4.17 | J8: 4.78 | K8: -0.28 | L8: 6.16 | M8: 4.36 | N8: 2.53 | O8: 2.82 | P8: 3 | Q8: 2.76 | R8: 2.39 | S8: 2.99 | T8: 3.79 | U8: 3.65 | V8: -3.46 | W8: 10.81 | X8: 4.05 | Y8: 5.53 | Z8: 5.25
A9: Cuba | B9: 2.99 | C9: 2.06 | D9: 2.63 | E9: 2.87 | F9: 3.73 | G9: 1.27 | H9: 2.03 | I9: 1.31 | J9: 2.26 | K9: -0.84 | L9: 3.86 | M9: 1.78 | N9: 2.1 | O9: 0.56 | P9: 4.85 | Q9: -0.03 | R9: 3.5 | S9: 0.37 | T9: 3.81 | U9: -1.35 | V9: -7.96 | W9: 4.89 | X9: 0.46 | Y9: 2.58 | Z9: 1.99 | AA9: -0.73
A10: Dominican Republic | B10: 4.07 | C10: 4.63 | D10: 4.34 | E10: 8.18 | F10: 7.28 | G10: 4.99 | H10: 6.62 | I10: 6.29 | J10: 8.76 | K10: 1.68 | L10: 7.39 | M10: 5.67 | N10: 3.54 | O10: 8.39 | P10: 7.09 | Q10: 4.46 | R10: 4.22 | S10: 6.45 | T10: 3.73 | U10: 6.75 | V10: -7.65 | W10: 8.17 | X10: 6.93 | Y10: 3.95 | Z10: 5.54 | AA10: 2.29
A11: Ecuador | B11: 5.26 | C11: 3.7 | D11: 2.82 | E11: 2.18 | F11: 6.11 | G11: 4.32 | H11: 5.75 | I11: -0.2 | J11: 4.46 | K11: -1.42 | L11: 6.25 | M11: 6.17 | N11: 4.97 | O11: 0.83 | P11: 2.25 | Q11: 3.52 | R11: 0.47 | S11: 1.93 | T11: 3.94 | U11: 0.8 | V11: -6.71 | W11: 5.17 | X11: 9.14 | Y11: 3.17 | Z11: 0.92 | AA11: -1.29
A12: El Salvador | B12: 0.39 | C12: 2.18 | D12: 0.71 | E12: 0.93 | F12: 2.8 | G12: 3.43 | H12: 3 | I12: 2.61 | J12: 2.87 | K12: -0.98 | L12: 4.21 | M12: 1.88 | N12: 0.59 | O12: 0.76 | P12: 2.84 | Q12: 2.32 | R12: 2.87 | S12: 2.64 | T12: 3.95 | U12: 2.95 | V12: -7.82 | W12: 9.72 | X12: 5.1 | Y12: 1.94 | Z12: 2.63 | AA12: 4.72
A13: Guatemala | B13: 4.17 | C13: 4.79 | D13: 3.12 | E13: 3.31 | F13: 4.52 | G13: 6.09 | H13: 4.62 | I13: 4.42 | J13: 3.27 | K13: 0 | L13: 5.6 | M13: 3.36 | N13: 3.15 | O13: 4.21 | P13: 3.29 | Q13: 5.07 | R13: 2.45 | S13: 3.67 | T13: 6.73 | U13: 3.22 | V13: -5.67 | W13: 9.32 | X13: 6.82 | Y13: 4.57 | Z13: 1.76 | AA13: 5.24
A14: Honduras | B14: 2.48 | C14: 3.34 | D14: 2.81 | E14: 1.48 | F14: 4.45 | G14: 4.97 | H14: 3.68 | I14: 3.84 | J14: 4.4 | K14: -0.01 | L14: 5.43 | M14: 0.27 | N14: 2.75 | O14: 3.28 | P14: 5.67 | Q14: 4.14 | R14: 1.54 | S14: 4.86 | T14: 0.31 | U14: -0.07 | V14: -6.73 | W14: 11.29 | X14: 8.3 | Y14: 5.94 | Z14: 5.78 | AA14: ..
A15: Jamaica | B15: 0.94 | C15: -0.62 | D15: 1.98 | E15: -1.53 | F15: -1.15 | G15: 0.21 | H15: 5.61 | I15: 2.62 | J15: 1.64 | K15: -3.02 | L15: 3.1 | M15: 0.16 | N15: 2.65 | O15: 1.45 | P15: 0.18 | Q15: 2.18 | R15: 3.59 | S15: 5.03 | T15: 1.29 | U15: -1.35 | V15: -12.28 | W15: 7.65 | X15: 2.06 | Y15: 2.56 | Z15: 0.21 | AA15: 1.02
A16: Mexico | B16: 4.8 | C16: 3.91 | D16: 1.44 | E16: 0.53 | F16: 4.27 | G16: 3.31 | H16: 5.44 | I16: 0.77 | J16: 2.94 | K16: -3.15 | L16: 3.8 | M16: 1.79 | N16: 5.55 | O16: 3.64 | P16: 4.42 | Q16: 0.04 | R16: 3.72 | S16: 3.78 | T16: 0.86 | U16: 0.91 | V16: -8.61 | W16: 10.99 | X16: 5.5 | Y16: -0.35 | Z16: -1.16 | AA16: -3.37
A17: Nicaragua | B17: 0.43 | C17: 5.64 | D17: 0.17 | E17: 6.1 | F17: 1.32 | G17: 6 | H17: 6.58 | I17: 4.24 | J17: 0.86 | K17: 0.34 | L17: 6.58 | M17: 3.57 | N17: 3.43 | O17: 5.36 | P17: 4.16 | Q17: 3.64 | R17: 0.9 | S17: 3.15 | T17: -2.28 | U17: -0.67 | V17: -9.59 | W17: 10.09 | X17: 4.97 | Y17: 1.03 | Z17: 2.56 | AA17: -1.14
A18: Panama | B18: 5.72 | C18: 5.9 | D18: 8.21 | E18: 4.69 | F18: 3.68 | G18: 2.93 | H18: 4.64 | I18: 9.26 | J18: 4.67 | K18: -0.87 | L18: 6.48 | M18: 2.54 | N18: 3.98 | O18: 8.46 | P18: 5.05 | Q18: 4.56 | R18: 5.56 | S18: 5.29 | T18: 4.43 | U18: 5.06 | V18: -11.59 | W18: 13.42 | X18: 5.35 | Y18: 8.66 | Z18: 4.68 | AA18: 6.99
A19: Paraguay | B19: 2.7 | C19: 3.95 | D19: 3.67 | E19: 1.47 | F19: 2.42 | G19: 4.94 | H19: 1.01 | I19: 4.45 | J19: 8.03 | K19: 1.28 | L19: 3.03 | M19: 2.78 | N19: 7.3 | O19: 6.53 | P19: 3.25 | Q19: 3.38 | R19: 4.05 | S19: 3.59 | T19: 6.17 | U19: 7.36 | V19: -9.76 | W19: 18.14 | X19: 7.54 | Y19: 4.44 | Z19: -0.4 | AA19: 2.77
A20: Peru | B20: 6.53 | C20: 5.57 | D20: 5.19 | E20: 7.99 | F20: 6.73 | G20: 4.67 | H20: 5.64 | I20: 7.08 | J20: 7.61 | K20: -0.12 | L20: 5.64 | M20: 4.93 | N20: 6.86 | O20: 5.22 | P20: 5.31 | Q20: 3.31 | R20: 1.51 | S20: 4.69 | T20: 6.46 | U20: 9.89 | V20: -8.78 | W20: 9.37 | X20: 4.96 | Y20: 0.39 | Z20: 2.62 | AA20: 8
A21: Trinidad and Tobago | B21: 1.09 | C21: 0.68 | D21: 6.25 | E21: 5.58 | F21: 5.6 | G21: -0.25 | H21: 4 | I21: 7.99 | J21: 4.77 | K21: -3.67 | L21: 6.65 | M21: 3.1 | N21: -5.47 | O21: 2.44 | P21: 2.89 | Q21: 2.24 | R21: -5.82 | S21: 1.93 | T21: 0.44 | U21: -1.62 | V21: -9.7 | W21: 9.76 | X21: 8.22 | Y21: -0.95 | Z21: -3.89 | AA21: 3.14
A22: URUGUAY | B22: 2.09 | C22: -2.54 | D22: -8.3 | E22: 6.37 | F22: 3.77 | G22: 4.46 | H22: 6.77 | I22: 2.2 | J22: 5.66 | K22: -3.79 | L22: 8.31 | M22: 3.96 | N22: 3.13 | O22: 2.03 | P22: 2.4 | Q22: 1.68 | R22: 1.35 | S22: 1.31 | T22: 0.96 | U22: 2.02 | V22: -8.71 | W22: 11.78 | X22: 5.18 | Y22: 4.81 | Z22: 2.65 | AA22: ..
A23: Venezuela | B23: -0.34 | C23: -0.41 | D23: -9.11 | E23: -7.09 | F23: 18.95 | G23: 2.73 | H23: 5.29 | I23: -3.93 | J23: 1.69 | K23: -1.57 | L23: 7.72 | M23: -3.13 | N23: 6.93 | O23: -0.52 | P23: 0.46 | Q23: -8.84 | R23: -23.46 | S23: -12.86 | T23: -16.99 | U23: -29.38 | V23: -25.22 | W23: 10.27 | X23: 10.48 | Y23: 4.44 | Z23: 5.8 | AA23: ..
A24: costa rica | B24: 1.31 | C24: 6.15 | D24: 4.5 | E24: 3.9 | F24: 5.49 | G24: 5.96 | H24: 6.63 | I24: 3.75 | J24: 3.77 | K24: -0.28 | L24: 5.86 | M24: 3.45 | N24: 2.34 | O24: 5.29 | P24: 5.37 | Q24: 3.6 | R24: 2.48 | S24: 4.14 | T24: 3.65 | U24: 3.18 | V24: -6.17 | W24: 12.34 | X24: 6.99 | Y24: 5 | Z24: 3.04 | AA24: 5.91

Sheet Exchange_Rate
A1: Annual average exchange rate, local currency per US dollar
A2: Dollarized economies are reported as 1.0
A3: Country | B3: 2000 | C3: 2001 | D3: 2002 | E3: 2003 | F3: 2004 | G3: 2005 | H3: 2006 | I3: 2007 | J3: 2008 | K3: 2009 | L3: 2010 | M3: 2011 | N3: 2012 | O3: 2013 | P3: 2014 | Q3: 2015 | R3: 2016 | S3: 2017 | T3: 2018 | U3: 2019 | V3: 2020 | W3: 2021 | X3: 2022 | Y3: 2023 | Z3: 2024 | AA3: 2025
A4: Chile | B4: 540 | C4: 515.63 | D4: 526.571 | E4: 528.324 | F4: 537.898 | G4: 516.486 | H4: 511.979 | I4: 539.673 | J4: 569.317 | K4: 579.169 | L4: 619.991 | M4: 630.418 | N4: 647.109 | O4: 662.964 | P4: 668.645 | Q4: 669.296 | R4: 709.823 | S4: 718.13 | T4: 687.362 | U4: 703.569 | V4: 682.988 | W4: 689.852 | X4: 696.177 | Y4: 707.695 | Z4: 644.039 | AA4: 678.187
A5: Argentina | B5: 1 | C5: 0.97 | D5: 1.247 | E5: 1.402 | F5: 1.384 | G5: 1.485 | H5: 1.592 | I5: 1.691 | J5: 1.778 | K5: 1.863 | L5: 1.946 | M5: 1.983 | N5: 2.022 | O5: 2.141 | P5: 2.503 | Q5: 3.047 | R5: 3.901 | S5: 4.588 | T5: 5.717 | U5: 7.797 | V5: 9.44 | W5: 12.061 | X5: 18.753 | Y5: 38.896 | Z5: 105.88 | AA5: 155.877
A6: Bolivia | B6: 6.2 | C6: 6.505 | D6: 6.736 | E6: 6.71 | F6: 6.794 | G6: 6.885 | H6: 6.962 | I6: 6.975 | J6: 7.671 | K6: 7.487 | L6: 7.918 | M6: 8.007 | N6: 8.347 | O6: 8.231 | P6: 8.173 | Q6: 8.731 | R6: 8.97 | S6: 9.933 | T6: 10.399 | U6: 10.711 | V6: 10.886 | W6: 11.442 | X6: 12.46 | Y6: 13.139 | Z6: 12.904 | AA6: 13.82
A7: Brazil | B7: 1.83 | C7: 1.805 | D7: 1.982 | E7: 2.029 | F7: 2.07 | G7: 2.223 | H7: 2.308 | I7: 2.395 | J7: 2.491 | K7: 2.455 | L7: 2.61 | M7: 2.671 | N7: 2.644 | O7: 2.788 | P7: 2.935 | Q7: 2.962 | R7: 2.982 | S7: 3.178 | T7: 3.058 | U7: 3.058 | V7: 3.081 | W7: 3.238 | X7: 3.431 | Y7: 3.615 | Z7: 3.953 | AA7: 4.012
A8: Colombia | B8: 2088 | C8: 2045.799 | D8: 2017.629 | E8: 2018.005 | F8: 2116.47 | G8: 2292.774 | H8: 2285.098 | I8: 2318.718 | J8: 2393.073 | K8: 2477.174 | L8: 2496.845 | M8: 2445.633 | N8: 2524.097 | O8: 2668.7 | P8: 2749.984 | Q8: 2771.061 | R8: 2876.233 | S8: 2822.256 | T8: 3067.362 | U8: 3057.46 | V8: 2891.588 | W8: 3161.043 | X8: 3614.749 | Y8: 3612.966 | Z8: 3758.542 | AA8: 4250.815
A9: Cuba | B9: 1 | C9: 1.024 | D9: 1.058 | E9: 0.964 | F9: 0.987 | G9: 0.986 | H9: 1.018 | I9: 0.97 | J9: 0.985 | K9: 1.044 | L9: 1.135 | M9: 1.093 | N9: 1.078 | O9: 1.114 | P9: 1.099 | Q9: 1.035 | R9: 0.991 | S9: 1.018 | T9: 1.096 | U9: 1.13 | V9: 1.154 | W9: 1.205 | X9: 1.235 | Y9: 1.26 | Z9: 1.268 | AA9: 1.325
A10: Dominican Republic | B10: 16.4 | C10: 17.837 | D10: 18.324 | E10: 18.378 | F10: 19.057 | G10: 20.436 | H10: 21.033 | I10: 21.705 | J10: 23.153 | K10: 22.149 | L10: 22.393 | M10: 22.456 | N10: 22.051 | O10: 22.931 | P10: 22.481 | Q10: 23.013 | R10: 25.788 | S10: 25.761 | T10: 28.703 | U10: 28.668 | V10: 28.754 | W10: 30.344 | X10: 32.489 | Y10: 32.812 | Z10: 34.8 | AA10: 36.008
A11: Ecuador | B11: 1 | C11: 1 | D11: 1 | E11: 1 | F11: 1 | G11: 1 | H11: 1 | I11: 1 | J11: 1 | K11: 1 | L11: 1 | M11: 1 | N11: 1 | O11: 1 | P11: 1 | Q11: 1 | R11: 1 | S11: 1 | T11: 1 | U11: 1 | V11: 1 | W11: 1 | X11: 1 | Y11: 1 | Z11: 1 | AA11: 1
A12: El Salvador | B12: 1 | C12: 1 | D12: 1 | E12: 1 | F12: 1 | G12: 1 | H12: 1 | I12: 1 | J12: 1 | K12: 1 | L12: 1 | M12: 1 | N12: 1 | O12: 1 | P12: 1 | Q12: 1 | R12: 1 | S12: 1 | T12: 1 | U12: 1 | V12: 1 | W12: 1 | X12: 1 | Y12: 1 | Z12: 1 | AA12: 1
A13: Guatemala | B13: 7.76 | C13: 7.487 | D13: 7.968 | E13: 7.859 | F13: 8.256 | G13: 8.784 | H13: 8.999 | I13: 8.883 | J13: 9.223 | K13: 9.733 | L13: 10.257 | M13: 10.278 | N13: 10.596 | O13: 11.568 | P13: 12.171 | Q13: 12.841 | R13: 12.413 | S13: 12.965 | T13: 12.957 | U13: 13.499 | V13: 14.108 | W13: 14.863 | X13: 15.654 | Y13: 16.54 | Z13: 16.117 | AA13: 16.634
A14: Honduras | B14: 15 | C14: 15.584 | D14: 16.826 | E14: 16.784 | F14: 16.649 | G14: 17.641 | H14: 17.137 | I14: 17.439 | J14: 19.254 | K14: 20.211 | L14: 19.573 | M14: 20.308 | N14: 21.261 | O14: 22.799 | P14: 24.11 | Q14: 24.467 | R14: 23.38 | S14: 24.155 | T14: 25.756 | U14: 28.251 | V14: 31.065 | W14: 31.273 | X14: 33.603 | Y14: 36.955 | Z14: 38.924 | AA14: 40.904
... A24: costa rica | B24: 308 | C24: 330.58 | D24: 337.613 | E24: 331.662 | F24: 358.219 | G24: 361.452 | H24: 352.561 | I24: 358.983 | J24: 358.569 | K24: 394.965 | L24: 392.308 | M24: 424.277 | N24: 454.513 | O24: 440.468 | P24: 454.835 | Q24: 466.241 | R24: 460.725 | S24: 484.36 | T24: 503.771 | U24: 496.035 | V24: 473.618 | W24: 492.969 | X24: 555.926 | Y24: 561.267 | Z24: 576.815 | AA24: 624.552

Sheet Metadata
A1: Item | B1: Value
A2: Table | B2: Macroeconomic indicators
A3: Coverage | B3: 2000-2025
A4: Units (GDP) | B4: Millions of US dollars at current prices
A5: Units (GDP per capita) | B5: US dollars at current prices
A6: Units (Growth) | B6: Annual percentage change of GDP at constant prices
A7: Units (Exchange rate) | B7: Local currency units per US dollar, annual average
A8: Compiled by | B8: Economic statistics unit
A9: Last revision | B9: 2026-02
A10: Note | B10: Figures for 2024 and 2025 are preliminary estimates.
